-- phpMyAdmin SQL Dump
-- version 4.8.4
-- https://www.phpmyadmin.net/
--
-- Host: 127.0.0.1
-- Generation Time: Mar 29, 2019 at 05:08 PM
-- Server version: 10.1.37-MariaDB
-- PHP Version: 5.6.39

SET SQL_MODE = "NO_AUTO_VALUE_ON_ZERO";
SET AUTOCOMMIT = 0;
START TRANSACTION;
SET time_zone = "+00:00";


/*!40101 SET @OLD_CHARACTER_SET_CLIENT=@@CHARACTER_SET_CLIENT */;
/*!40101 SET @OLD_CHARACTER_SET_RESULTS=@@CHARACTER_SET_RESULTS */;
/*!40101 SET @OLD_COLLATION_CONNECTION=@@COLLATION_CONNECTION */;
/*!40101 SET NAMES utf8mb4 */;

--
-- Database: `jayanengg`
--

-- --------------------------------------------------------

--
-- Table structure for table `attendance`
--

CREATE TABLE `attendance` (
  `id` int(11) NOT NULL,
  `staff_id` int(11) NOT NULL,
  `shift` varchar(10) NOT NULL,
  `date` date NOT NULL,
  `is_present` tinyint(4) NOT NULL,
  `remarks` text NOT NULL,
  `created_date` datetime NOT NULL DEFAULT CURRENT_TIMESTAMP,
  `created_user` int(11) NOT NULL
) ENGINE=InnoDB DEFAULT CHARSET=latin1;

--
-- Dumping data for table `attendance`
--

INSERT INTO `attendance` (`id`, `staff_id`, `shift`, `date`, `is_present`, `remarks`, `created_date`, `created_user`) VALUES
(5, 1, '1.5', '2018-12-16', 1, '', '2018-12-16 14:17:32', 1),
(6, 2, '1.5', '2018-12-16', 1, '', '2018-12-16 14:17:32', 1),
(7, 1, '', '2018-12-17', 0, '', '2018-12-19 19:31:34', 1),
(8, 2, '', '2018-12-17', 0, '', '2018-12-19 19:31:35', 1),
(9, 3, '', '2018-12-17', 0, '', '2018-12-19 19:31:35', 1),
(10, 4, '', '2018-12-17', 0, '', '2018-12-19 19:31:35', 1),
(11, 5, '', '2018-12-17', 0, '', '2018-12-19 19:31:35', 1),
(12, 6, '', '2018-12-17', 0, '', '2018-12-19 19:31:35', 1),
(13, 7, '', '2018-12-17', 0, '', '2018-12-19 19:31:35', 1),
(14, 8, '', '2018-12-17', 0, '', '2018-12-19 19:31:35', 1),
(15, 9, '', '2018-12-17', 0, '', '2018-12-19 19:31:35', 1),
(16, 10, '', '2018-12-17', 0, '', '2018-12-19 19:31:35', 1),
(17, 11, '', '2018-12-17', 0, '', '2018-12-19 19:31:35', 1),
(18, 12, '', '2018-12-17', 0, '', '2018-12-19 19:31:35', 1),
(19, 13, '', '2018-12-17', 0, '', '2018-12-19 19:31:35', 1),
(20, 14, '', '2018-12-17', 0, '', '2018-12-19 19:31:35', 1),
(21, 15, '', '2018-12-17', 0, '', '2018-12-19 19:31:35', 1),
(22, 16, '', '2018-12-17', 0, '', '2018-12-19 19:31:35', 1),
(23, 17, '', '2018-12-17', 0, '', '2018-12-19 19:31:35', 1),
(24, 18, '', '2018-12-17', 0, '', '2018-12-19 19:31:35', 1),
(25, 19, '', '2018-12-17', 0, '', '2018-12-19 19:31:35', 1),
(26, 20, '', '2018-12-17', 0, '', '2018-12-19 19:31:35', 1),
(27, 21, '', '2018-12-17', 0, '', '2018-12-19 19:31:35', 1),
(28, 22, '', '2018-12-17', 0, '', '2018-12-19 19:31:35', 1),
(29, 23, '', '2018-12-17', 0, '', '2018-12-19 19:31:35', 1),
(30, 24, '', '2018-12-17', 0, '', '2018-12-19 19:31:35', 1),
(31, 25, '', '2018-12-17', 0, '', '2018-12-19 19:31:35', 1),
(32, 26, '', '2018-12-17', 0, '', '2018-12-19 19:31:36', 1),
(33, 1, '1.5', '2018-11-12', 1, '', '2018-12-27 17:25:32', 1),
(34, 2, '1.5', '2018-11-12', 1, '', '2018-12-27 17:25:32', 1),
(35, 3, '1.5', '2018-11-12', 1, '', '2018-12-27 17:25:32', 1),
(36, 4, '1.5', '2018-11-12', 1, '', '2018-12-27 17:25:32', 1),
(37, 5, '', '2018-11-12', 0, '', '2018-12-27 17:25:33', 1),
(38, 6, '', '2018-11-12', 0, '', '2018-12-27 17:25:33', 1),
(39, 7, '', '2018-11-12', 0, '', '2018-12-27 17:25:33', 1),
(40, 8, '', '2018-11-12', 0, '', '2018-12-27 17:25:33', 1),
(41, 9, '', '2018-11-12', 0, '', '2018-12-27 17:25:33', 1),
(42, 10, '', '2018-11-12', 0, '', '2018-12-27 17:25:33', 1),
(43, 11, '', '2018-11-12', 0, '', '2018-12-27 17:25:33', 1),
(44, 12, '', '2018-11-12', 0, '', '2018-12-27 17:25:33', 1),
(45, 13, '', '2018-11-12', 0, '', '2018-12-27 17:25:33', 1),
(46, 14, '', '2018-11-12', 0, '', '2018-12-27 17:25:33', 1),
(47, 15, '', '2018-11-12', 0, '', '2018-12-27 17:25:33', 1),
(48, 16, '', '2018-11-12', 0, '', '2018-12-27 17:25:33', 1),
(49, 17, '', '2018-11-12', 0, '', '2018-12-27 17:25:33', 1),
(50, 18, '', '2018-11-12', 0, '', '2018-12-27 17:25:33', 1),
(51, 19, '', '2018-11-12', 0, '', '2018-12-27 17:25:33', 1),
(52, 20, '', '2018-11-12', 0, '', '2018-12-27 17:25:33', 1),
(53, 21, '', '2018-11-12', 0, '', '2018-12-27 17:25:33', 1),
(54, 22, '', '2018-11-12', 0, '', '2018-12-27 17:25:33', 1),
(55, 23, '', '2018-11-12', 0, '', '2018-12-27 17:25:33', 1),
(56, 24, '', '2018-11-12', 0, '', '2018-12-27 17:25:33', 1),
(57, 25, '', '2018-11-12', 0, '', '2018-12-27 17:25:33', 1),
(58, 26, '', '2018-11-12', 0, '', '2018-12-27 17:25:33', 1),
(59, 27, '', '2018-11-12', 0, '', '2018-12-27 17:25:33', 1),
(60, 28, '', '2018-11-12', 0, '', '2018-12-27 17:25:33', 1),
(61, 29, '', '2018-11-12', 0, '', '2018-12-27 17:25:33', 1),
(62, 1, '1.5', '2018-11-13', 1, '', '2018-12-28 11:49:10', 1),
(63, 2, '1.5', '2018-11-13', 1, '', '2018-12-28 11:49:10', 1),
(64, 3, '', '2018-11-13', 0, '', '2018-12-28 11:49:10', 1),
(65, 4, '1.5', '2018-11-13', 1, '', '2018-12-28 11:49:10', 1),
(66, 5, '1', '2018-11-13', 1, '', '2018-12-28 11:49:10', 1),
(67, 6, '1', '2018-11-13', 1, '', '2018-12-28 11:49:10', 1),
(68, 7, '', '2018-11-13', 1, '', '2018-12-28 11:49:10', 1),
(69, 8, '', '2018-11-13', 0, '', '2018-12-28 11:49:11', 1),
(70, 9, '', '2018-11-13', 0, '', '2018-12-28 11:49:11', 1),
(71, 10, '1', '2018-11-13', 1, '', '2018-12-28 11:49:11', 1),
(72, 11, '', '2018-11-13', 0, '', '2018-12-28 11:49:11', 1),
(73, 12, '', '2018-11-13', 0, '', '2018-12-28 11:49:11', 1),
(74, 13, '', '2018-11-13', 0, '', '2018-12-28 11:49:11', 1),
(75, 14, '', '2018-11-13', 0, '', '2018-12-28 11:49:11', 1),
(76, 15, '', '2018-11-13', 0, '', '2018-12-28 11:49:11', 1),
(77, 16, '1', '2018-11-13', 1, '', '2018-12-28 11:49:11', 1),
(78, 17, '', '2018-11-13', 0, '', '2018-12-28 11:49:11', 1),
(79, 18, '', '2018-11-13', 0, '', '2018-12-28 11:49:11', 1),
(80, 19, '', '2018-11-13', 0, '', '2018-12-28 11:49:11', 1),
(81, 20, '', '2018-11-13', 1, '', '2018-12-28 11:49:11', 1),
(82, 21, '', '2018-11-13', 0, '', '2018-12-28 11:49:11', 1),
(83, 22, '', '2018-11-13', 0, '', '2018-12-28 11:49:11', 1),
(84, 23, '', '2018-11-13', 0, '', '2018-12-28 11:49:11', 1),
(85, 24, '', '2018-11-13', 0, '', '2018-12-28 11:49:11', 1),
(86, 25, '', '2018-11-13', 0, '', '2018-12-28 11:49:11', 1),
(87, 26, '', '2018-11-13', 0, '', '2018-12-28 11:49:11', 1),
(88, 27, '', '2018-11-13', 0, '', '2018-12-28 11:49:11', 1),
(89, 28, '', '2018-11-13', 0, '', '2018-12-28 11:49:11', 1),
(90, 29, '', '2018-11-13', 0, '', '2018-12-28 11:49:11', 1),
(91, 1, '1.5', '2018-11-14', 1, '', '2018-12-28 11:54:21', 1),
(92, 2, '1.5', '2018-11-14', 1, '', '2018-12-28 11:54:21', 1),
(93, 3, '1.5', '2018-11-14', 1, '', '2018-12-28 11:54:21', 1),
(94, 4, '1.5', '2018-11-14', 1, '', '2018-12-28 11:54:21', 1),
(95, 5, '1', '2018-11-14', 1, '', '2018-12-28 11:54:21', 1),
(96, 6, '1', '2018-11-14', 1, '', '2018-12-28 11:54:21', 1),
(97, 7, '', '2018-11-14', 0, '', '2018-12-28 11:54:21', 1),
(98, 8, '1', '2018-11-14', 1, '', '2018-12-28 11:54:21', 1),
(99, 9, '1', '2018-11-14', 1, '', '2018-12-28 11:54:22', 1),
(100, 10, '1', '2018-11-14', 1, '', '2018-12-28 11:54:22', 1),
(101, 11, '', '2018-11-14', 0, '', '2018-12-28 11:54:22', 1),
(102, 12, '1', '2018-11-14', 1, '', '2018-12-28 11:54:22', 1),
(103, 13, '', '2018-11-14', 0, '', '2018-12-28 11:54:22', 1),
(104, 14, '1', '2018-11-14', 1, '', '2018-12-28 11:54:22', 1),
(105, 15, '', '2018-11-14', 0, '', '2018-12-28 11:54:22', 1),
(106, 16, '1', '2018-11-14', 1, '', '2018-12-28 11:54:22', 1),
(107, 17, '', '2018-11-14', 0, '', '2018-12-28 11:54:22', 1),
(108, 18, '', '2018-11-14', 0, '', '2018-12-28 11:54:22', 1),
(109, 19, '', '2018-11-14', 0, '', '2018-12-28 11:54:22', 1),
(110, 20, '', '2018-11-14', 0, '', '2018-12-28 11:54:22', 1),
(111, 21, '', '2018-11-14', 0, '', '2018-12-28 11:54:22', 1),
(112, 22, '', '2018-11-14', 0, '', '2018-12-28 11:54:22', 1),
(113, 23, '', '2018-11-14', 0, '', '2018-12-28 11:54:22', 1),
(114, 24, '', '2018-11-14', 0, '', '2018-12-28 11:54:22', 1),
(115, 25, '', '2018-11-14', 0, '', '2018-12-28 11:54:22', 1),
(116, 26, '', '2018-11-14', 0, '', '2018-12-28 11:54:22', 1),
(117, 27, '', '2018-11-14', 0, '', '2018-12-28 11:54:22', 1),
(118, 28, '', '2018-11-14', 0, '', '2018-12-28 11:54:22', 1),
(119, 29, '', '2018-11-14', 0, '', '2018-12-28 11:54:22', 1),
(120, 1, '1.5', '2018-11-15', 1, '', '2018-12-28 12:03:39', 1),
(121, 2, '1.5', '2018-11-15', 1, '', '2018-12-28 12:03:39', 1),
(122, 3, '1.5', '2018-11-15', 1, '', '2018-12-28 12:03:40', 1),
(123, 4, '1.5', '2018-11-15', 1, '', '2018-12-28 12:03:40', 1),
(124, 5, '1.5', '2018-11-15', 1, '', '2018-12-28 12:03:40', 1),
(125, 6, '1.5', '2018-11-15', 1, '', '2018-12-28 12:03:40', 1),
(126, 7, '1.5', '2018-11-15', 1, '', '2018-12-28 12:03:40', 1),
(127, 8, '1.5', '2018-11-15', 1, '', '2018-12-28 12:03:40', 1),
(128, 9, '1.5', '2018-11-15', 1, '', '2018-12-28 12:03:40', 1),
(129, 10, '', '2018-11-15', 0, '', '2018-12-28 12:03:40', 1),
(130, 11, '', '2018-11-15', 0, '', '2018-12-28 12:03:40', 1),
(131, 12, '1.5', '2018-11-15', 1, '', '2018-12-28 12:03:40', 1),
(132, 13, '1.5', '2018-11-15', 1, '', '2018-12-28 12:03:40', 1),
(133, 14, '1.5', '2018-11-15', 1, '', '2018-12-28 12:03:40', 1),
(134, 15, '', '2018-11-15', 0, '', '2018-12-28 12:03:40', 1),
(135, 16, '1.5', '2018-11-15', 1, '', '2018-12-28 12:03:40', 1),
(136, 17, '1.5', '2018-11-15', 1, '', '2018-12-28 12:03:40', 1),
(137, 18, '1.5', '2018-11-15', 1, '', '2018-12-28 12:03:40', 1),
(138, 19, '', '2018-11-15', 0, '', '2018-12-28 12:03:40', 1),
(139, 20, '', '2018-11-15', 0, '', '2018-12-28 12:03:40', 1),
(140, 21, '', '2018-11-15', 0, '', '2018-12-28 12:03:40', 1),
(141, 22, '', '2018-11-15', 0, '', '2018-12-28 12:03:40', 1),
(142, 23, '', '2018-11-15', 0, '', '2018-12-28 12:03:40', 1),
(143, 24, '', '2018-11-15', 0, '', '2018-12-28 12:03:40', 1),
(144, 25, '', '2018-11-15', 0, '', '2018-12-28 12:03:40', 1),
(145, 26, '', '2018-11-15', 0, '', '2018-12-28 12:03:40', 1),
(146, 27, '', '2018-11-15', 0, '', '2018-12-28 12:03:40', 1),
(147, 28, '', '2018-11-15', 0, '', '2018-12-28 12:03:40', 1),
(148, 29, '', '2018-11-15', 0, '', '2018-12-28 12:03:40', 1),
(149, 1, '1.5', '2018-11-16', 1, '', '2018-12-28 12:08:00', 1),
(150, 2, '1.5', '2018-11-16', 1, '', '2018-12-28 12:08:00', 1),
(151, 3, '1.5', '2018-11-16', 1, '', '2018-12-28 12:08:00', 1),
(152, 4, '1.5', '2018-11-16', 1, '', '2018-12-28 12:08:00', 1),
(153, 5, '1.5', '2018-11-16', 1, '', '2018-12-28 12:08:00', 1),
(154, 6, '1', '2018-11-16', 1, '', '2018-12-28 12:08:00', 1),
(155, 7, '1.5', '2018-11-16', 1, '', '2018-12-28 12:08:00', 1),
(156, 8, '1', '2018-11-16', 1, '', '2018-12-28 12:08:00', 1),
(157, 9, '1.5', '2018-11-16', 1, '', '2018-12-28 12:08:00', 1),
(158, 10, '1.5', '2018-11-16', 1, '', '2018-12-28 12:08:00', 1),
(159, 11, '1.5', '2018-11-16', 1, '', '2018-12-28 12:08:00', 1),
(160, 12, '1.5', '2018-11-16', 1, '', '2018-12-28 12:08:00', 1),
(161, 13, '1.5', '2018-11-16', 1, '', '2018-12-28 12:08:00', 1),
(162, 14, '1.5', '2018-11-16', 1, '', '2018-12-28 12:08:00', 1),
(163, 15, '', '2018-11-16', 0, '', '2018-12-28 12:08:00', 1),
(164, 16, '1.5', '2018-11-16', 1, '', '2018-12-28 12:08:00', 1),
(165, 17, '1.5', '2018-11-16', 1, '', '2018-12-28 12:08:00', 1),
(166, 18, '1.5', '2018-11-16', 1, '', '2018-12-28 12:08:00', 1),
(167, 19, '', '2018-11-16', 0, '', '2018-12-28 12:08:00', 1),
(168, 20, '', '2018-11-16', 0, '', '2018-12-28 12:08:00', 1),
(169, 21, '', '2018-11-16', 0, '', '2018-12-28 12:08:00', 1),
(170, 22, '', '2018-11-16', 0, '', '2018-12-28 12:08:00', 1),
(171, 23, '', '2018-11-16', 0, '', '2018-12-28 12:08:00', 1),
(172, 24, '', '2018-11-16', 0, '', '2018-12-28 12:08:00', 1),
(173, 25, '', '2018-11-16', 0, '', '2018-12-28 12:08:00', 1),
(174, 26, '', '2018-11-16', 0, '', '2018-12-28 12:08:00', 1),
(175, 27, '', '2018-11-16', 0, '', '2018-12-28 12:08:00', 1),
(176, 28, '', '2018-11-16', 0, '', '2018-12-28 12:08:00', 1),
(177, 29, '', '2018-11-16', 0, '', '2018-12-28 12:08:00', 1),
(178, 1, '1.5', '2018-11-17', 1, '', '2018-12-28 12:15:58', 1),
(179, 2, '1.5', '2018-11-17', 1, '', '2018-12-28 12:15:58', 1),
(180, 3, '1.5', '2018-11-17', 1, '', '2018-12-28 12:15:58', 1),
(181, 4, '1.5', '2018-11-17', 1, '', '2018-12-28 12:15:58', 1),
(182, 5, '1.5', '2018-11-17', 1, '', '2018-12-28 12:15:58', 1),
(183, 6, '1.5', '2018-11-17', 1, '', '2018-12-28 12:15:58', 1),
(184, 7, '1.5', '2018-11-17', 1, '', '2018-12-28 12:15:58', 1),
(185, 8, '1.5', '2018-11-17', 1, '', '2018-12-28 12:15:58', 1),
(186, 9, '1.5', '2018-11-17', 1, '', '2018-12-28 12:15:58', 1),
(187, 10, '1.5', '2018-11-17', 1, '', '2018-12-28 12:15:59', 1),
(188, 11, '1.5', '2018-11-17', 1, '', '2018-12-28 12:15:59', 1),
(189, 12, '1.5', '2018-11-17', 1, '', '2018-12-28 12:15:59', 1),
(190, 13, '1.5', '2018-11-17', 1, '', '2018-12-28 12:15:59', 1),
(191, 14, '1.5', '2018-11-17', 1, '', '2018-12-28 12:15:59', 1),
(192, 15, '', '2018-11-17', 0, '', '2018-12-28 12:15:59', 1),
(193, 16, '1.5', '2018-11-17', 1, '', '2018-12-28 12:15:59', 1),
(194, 17, '1.5', '2018-11-17', 1, '', '2018-12-28 12:15:59', 1),
(195, 18, '1.5', '2018-11-17', 1, '', '2018-12-28 12:15:59', 1),
(196, 19, '', '2018-11-17', 0, '', '2018-12-28 12:15:59', 1),
(197, 20, '', '2018-11-17', 0, '', '2018-12-28 12:15:59', 1),
(198, 21, '', '2018-11-17', 0, '', '2018-12-28 12:15:59', 1),
(199, 22, '', '2018-11-17', 0, '', '2018-12-28 12:15:59', 1),
(200, 23, '', '2018-11-17', 0, '', '2018-12-28 12:15:59', 1),
(201, 24, '', '2018-11-17', 0, '', '2018-12-28 12:15:59', 1),
(202, 25, '', '2018-11-17', 0, '', '2018-12-28 12:15:59', 1),
(203, 26, '', '2018-11-17', 0, '', '2018-12-28 12:15:59', 1),
(204, 27, '', '2018-11-17', 0, '', '2018-12-28 12:15:59', 1),
(205, 28, '', '2018-11-17', 0, '', '2018-12-28 12:15:59', 1),
(206, 29, '', '2018-11-17', 0, '', '2018-12-28 12:15:59', 1),
(207, 1, '1.5', '2018-11-19', 1, '', '2018-12-28 12:28:07', 1),
(208, 2, '1', '2018-11-19', 1, '', '2018-12-28 12:28:07', 1),
(209, 3, '1.5', '2018-11-19', 1, '', '2018-12-28 12:28:07', 1),
(210, 4, '1.5', '2018-11-19', 1, '', '2018-12-28 12:28:07', 1),
(211, 5, '', '2018-11-19', 0, '', '2018-12-28 12:28:07', 1),
(212, 6, '', '2018-11-19', 0, '', '2018-12-28 12:28:08', 1),
(213, 7, '', '2018-11-19', 0, '', '2018-12-28 12:28:08', 1),
(214, 8, '', '2018-11-19', 0, '', '2018-12-28 12:28:08', 1),
(215, 9, '1', '2018-11-19', 1, '', '2018-12-28 12:28:08', 1),
(216, 10, '', '2018-11-19', 0, '', '2018-12-28 12:28:08', 1),
(217, 11, '1', '2018-11-19', 1, '', '2018-12-28 12:28:08', 1),
(218, 12, '1', '2018-11-19', 1, '', '2018-12-28 12:28:08', 1),
(219, 13, '', '2018-11-19', 0, '', '2018-12-28 12:28:08', 1),
(220, 14, '1', '2018-11-19', 1, '', '2018-12-28 12:28:08', 1),
(221, 15, '1', '2018-11-19', 1, '', '2018-12-28 12:28:08', 1),
(222, 16, '1', '2018-11-19', 1, '', '2018-12-28 12:28:08', 1),
(223, 17, '1', '2018-11-19', 1, '', '2018-12-28 12:28:08', 1),
(224, 18, '1', '2018-11-19', 1, '', '2018-12-28 12:28:08', 1),
(225, 19, '', '2018-11-19', 0, '', '2018-12-28 12:28:08', 1),
(226, 20, '', '2018-11-19', 0, '', '2018-12-28 12:28:08', 1),
(227, 21, '', '2018-11-19', 0, '', '2018-12-28 12:28:08', 1),
(228, 22, '', '2018-11-19', 0, '', '2018-12-28 12:28:08', 1),
(229, 23, '', '2018-11-19', 0, '', '2018-12-28 12:28:08', 1),
(230, 24, '', '2018-11-19', 0, '', '2018-12-28 12:28:08', 1),
(231, 25, '', '2018-11-19', 0, '', '2018-12-28 12:28:08', 1),
(232, 26, '', '2018-11-19', 0, '', '2018-12-28 12:28:08', 1),
(233, 27, '', '2018-11-19', 0, '', '2018-12-28 12:28:08', 1),
(234, 28, '', '2018-11-19', 0, '', '2018-12-28 12:28:08', 1),
(235, 29, '', '2018-11-19', 0, '', '2018-12-28 12:28:08', 1),
(236, 1, '1.5', '2018-11-20', 1, '', '2018-12-28 12:37:31', 1),
(237, 2, '1.5', '2018-11-20', 1, '', '2018-12-28 12:37:31', 1),
(238, 3, '1.5', '2018-11-20', 1, '', '2018-12-28 12:37:31', 1),
(239, 4, '1.5', '2018-11-20', 1, '', '2018-12-28 12:37:31', 1),
(240, 5, '1.5', '2018-11-20', 1, '', '2018-12-28 12:37:31', 1),
(241, 6, '1', '2018-11-20', 1, '', '2018-12-28 12:37:31', 1),
(242, 7, '', '2018-11-20', 0, '', '2018-12-28 12:37:31', 1),
(243, 8, '1.5', '2018-11-20', 1, '', '2018-12-28 12:37:31', 1),
(244, 9, '1', '2018-11-20', 1, '', '2018-12-28 12:37:31', 1),
(245, 10, '1.5', '2018-11-20', 1, '', '2018-12-28 12:37:31', 1),
(246, 11, '1.5', '2018-11-20', 1, '', '2018-12-28 12:37:31', 1),
(247, 12, '1.5', '2018-11-20', 1, '', '2018-12-28 12:37:31', 1),
(248, 13, '1.5', '2018-11-20', 1, '', '2018-12-28 12:37:31', 1),
(249, 14, '1.5', '2018-11-20', 1, '', '2018-12-28 12:37:31', 1),
(250, 15, '1.5', '2018-11-20', 1, '', '2018-12-28 12:37:31', 1),
(251, 16, '1.5', '2018-11-20', 1, '', '2018-12-28 12:37:31', 1),
(252, 17, '1.5', '2018-11-20', 1, '', '2018-12-28 12:37:31', 1),
(253, 18, '1.5', '2018-11-20', 1, '', '2018-12-28 12:37:31', 1),
(254, 19, '', '2018-11-20', 0, '', '2018-12-28 12:37:31', 1),
(255, 20, '', '2018-11-20', 0, '', '2018-12-28 12:37:31', 1),
(256, 21, '', '2018-11-20', 0, '', '2018-12-28 12:37:31', 1),
(257, 22, '', '2018-11-20', 0, '', '2018-12-28 12:37:31', 1),
(258, 23, '', '2018-11-20', 0, '', '2018-12-28 12:37:31', 1),
(259, 24, '', '2018-11-20', 0, '', '2018-12-28 12:37:31', 1),
(260, 25, '', '2018-11-20', 0, '', '2018-12-28 12:37:31', 1),
(261, 26, '', '2018-11-20', 0, '', '2018-12-28 12:37:31', 1),
(262, 27, '', '2018-11-20', 0, '', '2018-12-28 12:37:31', 1),
(263, 28, '', '2018-11-20', 0, '', '2018-12-28 12:37:31', 1),
(264, 29, '', '2018-11-20', 0, '', '2018-12-28 12:37:32', 1),
(265, 1, '1.5', '2018-11-21', 1, '', '2018-12-28 15:55:19', 1),
(266, 2, '1.5', '2018-11-21', 1, '', '2018-12-28 15:55:19', 1),
(267, 3, '1.5', '2018-11-21', 1, '', '2018-12-28 15:55:19', 1),
(268, 4, '1.5', '2018-11-21', 1, '', '2018-12-28 15:55:19', 1),
(269, 5, '1.5', '2018-11-21', 1, '', '2018-12-28 15:55:19', 1),
(270, 6, '1.5', '2018-11-21', 1, '', '2018-12-28 15:55:19', 1),
(271, 7, '', '2018-11-21', 0, '', '2018-12-28 15:55:19', 1),
(272, 8, '1.5', '2018-11-21', 1, '', '2018-12-28 15:55:19', 1),
(273, 9, '1.5', '2018-11-21', 1, '', '2018-12-28 15:55:19', 1),
(274, 10, '', '2018-11-21', 0, '', '2018-12-28 15:55:19', 1),
(275, 11, '1.5', '2018-11-21', 1, '', '2018-12-28 15:55:20', 1),
(276, 12, '1.5', '2018-11-21', 1, '', '2018-12-28 15:55:20', 1),
(277, 13, '1.5', '2018-11-21', 1, '', '2018-12-28 15:55:20', 1),
(278, 14, '1.5', '2018-11-21', 1, '', '2018-12-28 15:55:20', 1),
(279, 15, '1.5', '2018-11-21', 1, '', '2018-12-28 15:55:20', 1),
(280, 16, '1.5', '2018-11-21', 1, '', '2018-12-28 15:55:20', 1),
(281, 17, '1.5', '2018-11-21', 1, '', '2018-12-28 15:55:20', 1),
(282, 18, '1.5', '2018-11-21', 1, '', '2018-12-28 15:55:20', 1),
(283, 19, '1.5', '2018-11-21', 1, '', '2018-12-28 15:55:20', 1),
(284, 20, '', '2018-11-21', 0, '', '2018-12-28 15:55:20', 1),
(285, 21, '1', '2018-11-21', 1, '', '2018-12-28 15:55:20', 1),
(286, 22, '', '2018-11-21', 0, '', '2018-12-28 15:55:20', 1),
(287, 23, '', '2018-11-21', 0, '', '2018-12-28 15:55:20', 1),
(288, 24, '', '2018-11-21', 0, '', '2018-12-28 15:55:20', 1),
(289, 25, '', '2018-11-21', 0, '', '2018-12-28 15:55:20', 1),
(290, 26, '', '2018-11-21', 0, '', '2018-12-28 15:55:20', 1),
(291, 27, '', '2018-11-21', 0, '', '2018-12-28 15:55:21', 1),
(292, 28, '', '2018-11-21', 0, '', '2018-12-28 15:55:21', 1),
(293, 29, '', '2018-11-21', 0, '', '2018-12-28 15:55:21', 1),
(294, 1, '1.5', '2018-11-22', 1, '', '2018-12-28 16:03:05', 1),
(295, 2, '1.5', '2018-11-22', 1, '', '2018-12-28 16:03:05', 1),
(296, 3, '1.5', '2018-11-22', 1, '', '2018-12-28 16:03:05', 1),
(297, 4, '1.5', '2018-11-22', 1, '', '2018-12-28 16:03:05', 1),
(298, 5, '1.5', '2018-11-22', 1, '', '2018-12-28 16:03:05', 1),
(299, 6, '1.5', '2018-11-22', 1, '', '2018-12-28 16:03:05', 1),
(300, 7, '', '2018-11-22', 0, '', '2018-12-28 16:03:05', 1),
(301, 8, '1.5', '2018-11-22', 1, '', '2018-12-28 16:03:05', 1),
(302, 9, '2', '2018-11-22', 1, '', '2018-12-28 16:03:05', 1),
(303, 10, '', '2018-11-22', 0, '', '2018-12-28 16:03:05', 1),
(304, 11, '2', '2018-11-22', 1, '', '2018-12-28 16:03:05', 1),
(305, 12, '1', '2018-11-22', 1, '', '2018-12-28 16:03:05', 1),
(306, 13, '2', '2018-11-22', 1, '', '2018-12-28 16:03:05', 1),
(307, 14, '2', '2018-11-22', 1, '', '2018-12-28 16:03:05', 1),
(308, 15, '2', '2018-11-22', 1, '', '2018-12-28 16:03:06', 1),
(309, 16, '2', '2018-11-22', 1, '', '2018-12-28 16:03:06', 1),
(310, 17, '2', '2018-11-22', 1, '', '2018-12-28 16:03:06', 1),
(311, 18, '', '2018-11-22', 0, '', '2018-12-28 16:03:06', 1),
(312, 19, '1.5', '2018-11-22', 1, '', '2018-12-28 16:03:06', 1),
(313, 20, '', '2018-11-22', 0, '', '2018-12-28 16:03:06', 1),
(314, 21, '1', '2018-11-22', 1, '', '2018-12-28 16:03:06', 1),
(315, 22, '', '2018-11-22', 0, '', '2018-12-28 16:03:06', 1),
(316, 23, '', '2018-11-22', 0, '', '2018-12-28 16:03:06', 1),
(317, 24, '', '2018-11-22', 0, '', '2018-12-28 16:03:06', 1),
(318, 25, '', '2018-11-22', 0, '', '2018-12-28 16:03:06', 1),
(319, 26, '', '2018-11-22', 0, '', '2018-12-28 16:03:06', 1),
(320, 27, '', '2018-11-22', 0, '', '2018-12-28 16:03:06', 1),
(321, 28, '', '2018-11-22', 0, '', '2018-12-28 16:03:06', 1),
(322, 29, '', '2018-11-22', 0, '', '2018-12-28 16:03:06', 1),
(323, 1, '1.5', '2018-11-23', 1, '', '2018-12-28 16:11:58', 1),
(324, 2, '1.5', '2018-11-23', 1, '', '2018-12-28 16:11:58', 1),
(325, 3, '1.5', '2018-11-23', 1, '', '2018-12-28 16:11:58', 1),
(326, 4, '1.5', '2018-11-23', 1, '', '2018-12-28 16:11:58', 1),
(327, 5, '', '2018-11-23', 0, '', '2018-12-28 16:11:58', 1),
(328, 6, '2', '2018-11-23', 1, '', '2018-12-28 16:11:58', 1),
(329, 7, '1.5', '2018-11-23', 1, '', '2018-12-28 16:11:58', 1),
(330, 8, '2', '2018-11-23', 1, '', '2018-12-28 16:11:58', 1),
(331, 9, '1.5', '2018-11-23', 1, '', '2018-12-28 16:11:58', 1),
(332, 10, '', '2018-11-23', 0, '', '2018-12-28 16:11:58', 1),
(333, 11, '1.5', '2018-11-23', 1, '', '2018-12-28 16:11:58', 1),
(334, 12, '', '2018-11-23', 0, '', '2018-12-28 16:11:58', 1),
(335, 13, '1.5', '2018-11-23', 1, '', '2018-12-28 16:11:58', 1),
(336, 14, '1.5', '2018-11-23', 1, '', '2018-12-28 16:11:58', 1),
(337, 15, '1.5', '2018-11-23', 1, '', '2018-12-28 16:11:58', 1),
(338, 16, '1.5', '2018-11-23', 1, '', '2018-12-28 16:11:58', 1),
(339, 17, '1.5', '2018-11-23', 1, '', '2018-12-28 16:11:58', 1),
(340, 18, '1.5', '2018-11-23', 1, '', '2018-12-28 16:11:58', 1),
(341, 19, '1', '2018-11-23', 1, '', '2018-12-28 16:11:58', 1),
(342, 20, '1.5', '2018-11-23', 1, '', '2018-12-28 16:11:58', 1),
(343, 21, '1.5', '2018-11-23', 1, '', '2018-12-28 16:11:58', 1),
(344, 22, '', '2018-11-23', 0, '', '2018-12-28 16:11:58', 1),
(345, 23, '', '2018-11-23', 0, '', '2018-12-28 16:11:58', 1),
(346, 24, '', '2018-11-23', 0, '', '2018-12-28 16:11:58', 1),
(347, 25, '', '2018-11-23', 0, '', '2018-12-28 16:11:58', 1),
(348, 26, '', '2018-11-23', 0, '', '2018-12-28 16:11:59', 1),
(349, 27, '', '2018-11-23', 0, '', '2018-12-28 16:11:59', 1),
(350, 28, '', '2018-11-23', 0, '', '2018-12-28 16:11:59', 1),
(351, 29, '', '2018-11-23', 0, '', '2018-12-28 16:11:59', 1),
(352, 1, '', '2018-11-24', 0, '', '2018-12-28 19:03:01', 1),
(353, 2, '', '2018-11-24', 0, '', '2018-12-28 19:03:01', 1),
(354, 3, '', '2018-11-24', 0, '', '2018-12-28 19:03:01', 1),
(355, 4, '', '2018-11-24', 0, '', '2018-12-28 19:03:01', 1),
(356, 5, '', '2018-11-24', 0, '', '2018-12-28 19:03:01', 1),
(357, 6, '', '2018-11-24', 0, '', '2018-12-28 19:03:01', 1),
(358, 7, '', '2018-11-24', 0, '', '2018-12-28 19:03:01', 1),
(359, 8, '', '2018-11-24', 0, '', '2018-12-28 19:03:01', 1),
(360, 9, '', '2018-11-24', 0, '', '2018-12-28 19:03:01', 1),
(361, 10, '', '2018-11-24', 0, '', '2018-12-28 19:03:01', 1),
(362, 11, '', '2018-11-24', 0, '', '2018-12-28 19:03:02', 1),
(363, 12, '', '2018-11-24', 0, '', '2018-12-28 19:03:02', 1),
(364, 13, '', '2018-11-24', 0, '', '2018-12-28 19:03:02', 1),
(365, 14, '', '2018-11-24', 0, '', '2018-12-28 19:03:02', 1),
(366, 15, '', '2018-11-24', 0, '', '2018-12-28 19:03:02', 1),
(367, 16, '', '2018-11-24', 0, '', '2018-12-28 19:03:02', 1),
(368, 17, '', '2018-11-24', 0, '', '2018-12-28 19:03:02', 1),
(369, 18, '', '2018-11-24', 0, '', '2018-12-28 19:03:02', 1),
(370, 19, '', '2018-11-24', 0, '', '2018-12-28 19:03:02', 1),
(371, 20, '', '2018-11-24', 0, '', '2018-12-28 19:03:02', 1),
(372, 21, '', '2018-11-24', 0, '', '2018-12-28 19:03:02', 1),
(373, 22, '', '2018-11-24', 0, '', '2018-12-28 19:03:02', 1),
(374, 23, '', '2018-11-24', 0, '', '2018-12-28 19:03:02', 1),
(375, 24, '', '2018-11-24', 0, '', '2018-12-28 19:03:02', 1),
(376, 25, '', '2018-11-24', 0, '', '2018-12-28 19:03:02', 1),
(377, 26, '', '2018-11-24', 0, '', '2018-12-28 19:03:02', 1),
(378, 27, '', '2018-11-24', 0, '', '2018-12-28 19:03:02', 1),
(379, 28, '', '2018-11-24', 0, '', '2018-12-28 19:03:02', 1),
(380, 29, '', '2018-11-24', 0, '', '2018-12-28 19:03:02', 1),
(381, 1, '1.5', '2018-11-26', 1, '', '2018-12-28 19:06:11', 1),
(382, 2, '1.5', '2018-11-26', 1, '', '2018-12-28 19:06:11', 1),
(383, 3, '1.5', '2018-11-26', 1, '', '2018-12-28 19:06:11', 1),
(384, 4, '1.5', '2018-11-26', 1, '', '2018-12-28 19:06:11', 1),
(385, 5, '', '2018-11-26', 0, '', '2018-12-28 19:06:11', 1),
(386, 6, '1', '2018-11-26', 1, '', '2018-12-28 19:06:11', 1),
(387, 7, '', '2018-11-26', 0, '', '2018-12-28 19:06:11', 1),
(388, 8, '1', '2018-11-26', 1, '', '2018-12-28 19:06:11', 1),
(389, 9, '1', '2018-11-26', 1, '', '2018-12-28 19:06:11', 1),
(390, 10, '1', '2018-11-26', 0, '', '2018-12-28 19:06:11', 1),
(391, 11, '1', '2018-11-26', 1, '', '2018-12-28 19:06:11', 1),
(392, 12, '', '2018-11-26', 0, '', '2018-12-28 19:06:11', 1),
(393, 13, '1', '2018-11-26', 1, '', '2018-12-28 19:06:11', 1),
(394, 14, '1', '2018-11-26', 1, '', '2018-12-28 19:06:11', 1),
(395, 15, '', '2018-11-26', 0, '', '2018-12-28 19:06:11', 1),
(396, 16, '1', '2018-11-26', 1, '', '2018-12-28 19:06:11', 1),
(397, 17, '1', '2018-11-26', 1, '', '2018-12-28 19:06:11', 1),
(398, 18, '1', '2018-11-26', 1, '', '2018-12-28 19:06:11', 1),
(399, 19, '1', '2018-11-26', 1, '', '2018-12-28 19:06:11', 1),
(400, 20, '', '2018-11-26', 0, '', '2018-12-28 19:06:11', 1),
(401, 21, '1', '2018-11-26', 1, '', '2018-12-28 19:06:11', 1),
(402, 22, '', '2018-11-26', 0, '', '2018-12-28 19:06:11', 1),
(403, 23, '', '2018-11-26', 0, '', '2018-12-28 19:06:11', 1),
(404, 24, '', '2018-11-26', 0, '', '2018-12-28 19:06:12', 1),
(405, 25, '', '2018-11-26', 0, '', '2018-12-28 19:06:12', 1),
(406, 26, '', '2018-11-26', 0, '', '2018-12-28 19:06:12', 1),
(407, 27, '', '2018-11-26', 0, '', '2018-12-28 19:06:12', 1),
(408, 28, '', '2018-11-26', 0, '', '2018-12-28 19:06:12', 1),
(409, 29, '', '2018-11-26', 0, '', '2018-12-28 19:06:12', 1),
(410, 1, '1.5', '2018-11-27', 1, '', '2018-12-28 19:12:09', 1),
(411, 2, '1.5', '2018-11-27', 1, '', '2018-12-28 19:12:09', 1),
(412, 3, '1.5', '2018-11-27', 1, '', '2018-12-28 19:12:09', 1),
(413, 4, '1.5', '2018-11-27', 1, '', '2018-12-28 19:12:09', 1),
(414, 5, '', '2018-11-27', 0, '', '2018-12-28 19:12:09', 1),
(415, 6, '1', '2018-11-27', 1, '', '2018-12-28 19:12:09', 1),
(416, 7, '1', '2018-11-27', 1, '', '2018-12-28 19:12:09', 1),
(417, 8, '', '2018-11-27', 0, '', '2018-12-28 19:12:09', 1),
(418, 9, '1', '2018-11-27', 1, '', '2018-12-28 19:12:09', 1),
(419, 10, '1', '2018-11-27', 1, '', '2018-12-28 19:12:09', 1),
(420, 11, '1.5', '2018-11-27', 1, '', '2018-12-28 19:12:09', 1),
(421, 12, '1.5', '2018-11-27', 1, '', '2018-12-28 19:12:09', 1),
(422, 13, '1.5', '2018-11-27', 1, '', '2018-12-28 19:12:09', 1),
(423, 14, '1.5', '2018-11-27', 1, '', '2018-12-28 19:12:09', 1),
(424, 15, '1.5', '2018-11-27', 1, '', '2018-12-28 19:12:09', 1),
(425, 16, '1.5', '2018-11-27', 1, '', '2018-12-28 19:12:09', 1),
(426, 17, '1.5', '2018-11-27', 1, '', '2018-12-28 19:12:09', 1),
(427, 18, '', '2018-11-27', 0, '', '2018-12-28 19:12:09', 1),
(428, 19, '1.5', '2018-11-27', 1, '', '2018-12-28 19:12:09', 1),
(429, 20, '1.5', '2018-11-27', 0, '', '2018-12-28 19:12:09', 1),
(430, 21, '1', '2018-11-27', 1, '', '2018-12-28 19:12:09', 1),
(431, 22, '', '2018-11-27', 0, '', '2018-12-28 19:12:09', 1),
(432, 23, '', '2018-11-27', 0, '', '2018-12-28 19:12:09', 1),
(433, 24, '1.5', '2018-11-27', 1, '', '2018-12-28 19:12:09', 1),
(434, 25, '', '2018-11-27', 0, '', '2018-12-28 19:12:09', 1),
(435, 26, '', '2018-11-27', 0, '', '2018-12-28 19:12:09', 1),
(436, 27, '', '2018-11-27', 0, '', '2018-12-28 19:12:10', 1),
(437, 28, '', '2018-11-27', 0, '', '2018-12-28 19:12:10', 1),
(438, 29, '', '2018-11-27', 0, '', '2018-12-28 19:12:10', 1),
(439, 1, '1.5', '2018-11-28', 1, '', '2018-12-28 19:15:04', 1),
(440, 2, '2', '2018-11-28', 1, '', '2018-12-28 19:15:04', 1),
(441, 3, '1.5', '2018-11-28', 1, '', '2018-12-28 19:15:04', 1),
(442, 4, '1.5', '2018-11-28', 1, '', '2018-12-28 19:15:04', 1),
(443, 5, '', '2018-11-28', 0, '', '2018-12-28 19:15:04', 1),
(444, 6, '', '2018-11-28', 0, '', '2018-12-28 19:15:04', 1),
(445, 7, '', '2018-11-28', 0, '', '2018-12-28 19:15:04', 1),
(446, 8, '1.5', '2018-11-28', 1, '', '2018-12-28 19:15:04', 1),
(447, 9, '1.5', '2018-11-28', 1, '', '2018-12-28 19:15:04', 1),
(448, 10, '1.5', '2018-11-28', 1, '', '2018-12-28 19:15:04', 1),
(449, 11, '2', '2018-11-28', 1, '', '2018-12-28 19:15:04', 1),
(450, 12, '2', '2018-11-28', 1, '', '2018-12-28 19:15:04', 1),
(451, 13, '2', '2018-11-28', 1, '', '2018-12-28 19:15:04', 1),
(452, 14, '1.5', '2018-11-28', 1, '', '2018-12-28 19:15:04', 1),
(453, 15, '2', '2018-11-28', 1, '', '2018-12-28 19:15:04', 1),
(454, 16, '1.5', '2018-11-28', 1, '', '2018-12-28 19:15:04', 1),
(455, 17, '2', '2018-11-28', 1, '', '2018-12-28 19:15:04', 1),
(456, 18, '1.5', '2018-11-28', 1, '', '2018-12-28 19:15:04', 1),
(457, 19, '1.5', '2018-11-28', 1, ' ', '2018-12-28 19:15:04', 1),
(458, 20, '1.5', '2018-11-28', 1, '', '2018-12-28 19:15:05', 1),
(459, 21, '', '2018-11-28', 0, '', '2018-12-28 19:15:05', 1),
(460, 22, '', '2018-11-28', 0, '', '2018-12-28 19:15:05', 1),
(461, 23, '', '2018-11-28', 0, '', '2018-12-28 19:15:05', 1),
(462, 24, '2', '2018-11-28', 1, '', '2018-12-28 19:15:05', 1),
(463, 25, '', '2018-11-28', 0, '', '2018-12-28 19:15:05', 1),
(464, 26, '', '2018-11-28', 0, '', '2018-12-28 19:15:05', 1),
(465, 27, '', '2018-11-28', 0, '', '2018-12-28 19:15:05', 1),
(466, 28, '', '2018-11-28', 0, '', '2018-12-28 19:15:05', 1),
(467, 29, '', '2018-11-28', 0, '', '2018-12-28 19:15:05', 1),
(468, 1, '1.5', '2018-11-29', 1, '', '2018-12-28 19:22:46', 1),
(469, 2, '1.5', '2018-11-29', 1, '', '2018-12-28 19:22:46', 1),
(470, 3, '1.5', '2018-11-29', 1, '', '2018-12-28 19:22:46', 1),
(471, 4, '1.5', '2018-11-29', 1, '', '2018-12-28 19:22:46', 1),
(472, 5, '', '2018-11-29', 0, '', '2018-12-28 19:22:46', 1),
(473, 6, '1.5', '2018-11-29', 1, '', '2018-12-28 19:22:46', 1),
(474, 7, '', '2018-11-29', 0, '', '2018-12-28 19:22:46', 1),
(475, 8, '1.5', '2018-11-29', 1, '', '2018-12-28 19:22:46', 1),
(476, 9, '1.5', '2018-11-29', 1, '', '2018-12-28 19:22:46', 1),
(477, 10, '1.5', '2018-11-29', 1, '', '2018-12-28 19:22:46', 1),
(478, 11, '1.5', '2018-11-29', 1, '', '2018-12-28 19:22:46', 1),
(479, 12, '2', '2018-11-29', 1, '', '2018-12-28 19:22:46', 1),
(480, 13, '2', '2018-11-29', 1, '', '2018-12-28 19:22:46', 1),
(481, 14, '1.5', '2018-11-29', 1, '', '2018-12-28 19:22:46', 1),
(482, 15, '2', '2018-11-29', 1, '', '2018-12-28 19:22:46', 1),
(483, 16, '2', '2018-11-29', 1, '', '2018-12-28 19:22:46', 1),
(484, 17, '1.5', '2018-11-29', 1, '', '2018-12-28 19:22:46', 1),
(485, 18, '1.5', '2018-11-29', 1, '', '2018-12-28 19:22:46', 1),
(486, 19, '1.5', '2018-11-29', 1, '', '2018-12-28 19:22:46', 1),
(487, 20, '1.5', '2018-11-29', 1, '', '2018-12-28 19:22:46', 1),
(488, 21, '1.5', '2018-11-29', 1, '', '2018-12-28 19:22:46', 1),
(489, 22, '', '2018-11-29', 0, '', '2018-12-28 19:22:46', 1),
(490, 23, '', '2018-11-29', 0, '', '2018-12-28 19:22:46', 1),
(491, 24, '2', '2018-11-29', 1, '', '2018-12-28 19:22:46', 1),
(492, 25, '', '2018-11-29', 0, '', '2018-12-28 19:22:46', 1),
(493, 26, '', '2018-11-29', 0, '', '2018-12-28 19:22:46', 1),
(494, 27, '', '2018-11-29', 0, '', '2018-12-28 19:22:47', 1),
(495, 28, '', '2018-11-29', 0, '', '2018-12-28 19:22:47', 1),
(496, 29, '', '2018-11-29', 0, '', '2018-12-28 19:22:47', 1),
(497, 1, '', '2018-11-30', 0, '', '2018-12-28 19:28:43', 1),
(498, 2, '', '2018-11-30', 0, '', '2018-12-28 19:28:43', 1),
(499, 3, '', '2018-11-30', 0, '', '2018-12-28 19:28:43', 1),
(500, 4, '', '2018-11-30', 0, '', '2018-12-28 19:28:43', 1),
(501, 5, '', '2018-11-30', 0, '', '2018-12-28 19:28:43', 1),
(502, 6, '', '2018-11-30', 0, '', '2018-12-28 19:28:43', 1),
(503, 7, '', '2018-11-30', 0, '', '2018-12-28 19:28:43', 1),
(504, 8, '', '2018-11-30', 0, '', '2018-12-28 19:28:43', 1),
(505, 9, '', '2018-11-30', 0, '', '2018-12-28 19:28:43', 1),
(506, 10, '', '2018-11-30', 0, '', '2018-12-28 19:28:43', 1),
(507, 11, '', '2018-11-30', 0, '', '2018-12-28 19:28:43', 1),
(508, 12, '', '2018-11-30', 0, '', '2018-12-28 19:28:43', 1),
(509, 13, '', '2018-11-30', 0, '', '2018-12-28 19:28:43', 1),
(510, 14, '', '2018-11-30', 0, '', '2018-12-28 19:28:43', 1),
(511, 15, '', '2018-11-30', 0, '', '2018-12-28 19:28:43', 1),
(512, 16, '', '2018-11-30', 0, '', '2018-12-28 19:28:43', 1),
(513, 17, '', '2018-11-30', 0, '', '2018-12-28 19:28:43', 1),
(514, 18, '', '2018-11-30', 0, '', '2018-12-28 19:28:43', 1),
(515, 19, '', '2018-11-30', 0, '', '2018-12-28 19:28:43', 1),
(516, 20, '', '2018-11-30', 0, '', '2018-12-28 19:28:43', 1),
(517, 21, '', '2018-11-30', 0, '', '2018-12-28 19:28:43', 1),
(518, 22, '', '2018-11-30', 0, '', '2018-12-28 19:28:43', 1),
(519, 23, '', '2018-11-30', 0, '', '2018-12-28 19:28:43', 1),
(520, 24, '', '2018-11-30', 0, '', '2018-12-28 19:28:43', 1),
(521, 25, '', '2018-11-30', 0, '', '2018-12-28 19:28:43', 1),
(522, 26, '', '2018-11-30', 0, '', '2018-12-28 19:28:43', 1),
(523, 27, '', '2018-11-30', 0, '', '2018-12-28 19:28:43', 1),
(524, 28, '', '2018-11-30', 0, '', '2018-12-28 19:28:43', 1),
(525, 29, '', '2018-11-30', 0, '', '2018-12-28 19:28:43', 1),
(526, 1, '1.5', '2018-12-01', 1, '', '2018-12-28 19:31:24', 1),
(527, 2, '1.5', '2018-12-01', 1, '', '2018-12-28 19:31:24', 1),
(528, 3, '1.5', '2018-12-01', 1, '', '2018-12-28 19:31:24', 1),
(529, 4, '1.5', '2018-12-01', 1, '', '2018-12-28 19:31:24', 1),
(530, 5, '1.5', '2018-12-01', 1, '', '2018-12-28 19:31:24', 1),
(531, 6, '', '2018-12-01', 0, '', '2018-12-28 19:31:24', 1),
(532, 7, '', '2018-12-01', 0, '', '2018-12-28 19:31:24', 1),
(533, 8, '', '2018-12-01', 0, '', '2018-12-28 19:31:24', 1),
(534, 9, '1.5', '2018-12-01', 1, '', '2018-12-28 19:31:24', 1),
(535, 10, '1.5', '2018-12-01', 1, '', '2018-12-28 19:31:24', 1),
(536, 11, '1.5', '2018-12-01', 1, '', '2018-12-28 19:31:24', 1),
(537, 12, '1.5', '2018-12-01', 1, '', '2018-12-28 19:31:24', 1),
(538, 13, '1.5', '2018-12-01', 1, '', '2018-12-28 19:31:24', 1),
(539, 14, '1.5', '2018-12-01', 1, '', '2018-12-28 19:31:24', 1),
(540, 15, '1.5', '2018-12-01', 1, '', '2018-12-28 19:31:24', 1),
(541, 16, '1.5', '2018-12-01', 1, '', '2018-12-28 19:31:24', 1),
(542, 17, '1.5', '2018-12-01', 1, '', '2018-12-28 19:31:24', 1),
(543, 18, '1.5', '2018-12-01', 1, '', '2018-12-28 19:31:24', 1),
(544, 19, '1.5', '2018-12-01', 1, '', '2018-12-28 19:31:24', 1),
(545, 20, '1.5', '2018-12-01', 1, '', '2018-12-28 19:31:24', 1),
(546, 21, '1.5', '2018-12-01', 1, '', '2018-12-28 19:31:24', 1),
(547, 22, '', '2018-12-01', 0, '', '2018-12-28 19:31:24', 1),
(548, 23, '', '2018-12-01', 0, '', '2018-12-28 19:31:25', 1),
(549, 24, '1.5', '2018-12-01', 1, '', '2018-12-28 19:31:25', 1),
(550, 25, '', '2018-12-01', 0, '', '2018-12-28 19:31:25', 1),
(551, 26, '', '2018-12-01', 0, '', '2018-12-28 19:31:25', 1),
(552, 27, '', '2018-12-01', 0, '', '2018-12-28 19:31:25', 1),
(553, 28, '', '2018-12-01', 0, '', '2018-12-28 19:31:25', 1),
(554, 29, '', '2018-12-01', 0, '', '2018-12-28 19:31:25', 1),
(555, 1, '', '2018-12-03', 0, '', '2018-12-28 19:47:58', 1),
(556, 2, '', '2018-12-03', 0, '', '2018-12-28 19:47:58', 1),
(557, 3, '', '2018-12-03', 0, '', '2018-12-28 19:47:58', 1),
(558, 4, '', '2018-12-03', 0, '', '2018-12-28 19:47:58', 1),
(559, 5, '', '2018-12-03', 0, '', '2018-12-28 19:47:58', 1),
(560, 6, '', '2018-12-03', 0, '', '2018-12-28 19:47:58', 1),
(561, 7, '', '2018-12-03', 0, '', '2018-12-28 19:47:58', 1),
(562, 8, '', '2018-12-03', 0, '', '2018-12-28 19:47:58', 1),
(563, 9, '', '2018-12-03', 0, '', '2018-12-28 19:47:58', 1),
(564, 10, '', '2018-12-03', 0, '', '2018-12-28 19:47:58', 1),
(565, 11, '', '2018-12-03', 0, '', '2018-12-28 19:47:58', 1),
(566, 12, '', '2018-12-03', 0, '', '2018-12-28 19:47:58', 1),
(567, 13, '', '2018-12-03', 0, '', '2018-12-28 19:47:58', 1),
(568, 14, '', '2018-12-03', 0, '', '2018-12-28 19:47:58', 1),
(569, 15, '', '2018-12-03', 0, '', '2018-12-28 19:47:58', 1),
(570, 16, '', '2018-12-03', 0, '', '2018-12-28 19:47:58', 1),
(571, 17, '', '2018-12-03', 0, '', '2018-12-28 19:47:58', 1),
(572, 18, '', '2018-12-03', 0, '', '2018-12-28 19:47:58', 1),
(573, 19, '', '2018-12-03', 0, '', '2018-12-28 19:47:58', 1),
(574, 20, '', '2018-12-03', 0, '', '2018-12-28 19:47:58', 1),
(575, 21, '', '2018-12-03', 0, '', '2018-12-28 19:47:58', 1),
(576, 22, '', '2018-12-03', 0, '', '2018-12-28 19:47:58', 1),
(577, 23, '', '2018-12-03', 0, '', '2018-12-28 19:47:58', 1),
(578, 24, '', '2018-12-03', 0, '', '2018-12-28 19:47:58', 1),
(579, 25, '', '2018-12-03', 0, '', '2018-12-28 19:47:58', 1),
(580, 26, '', '2018-12-03', 0, '', '2018-12-28 19:47:58', 1),
(581, 27, '', '2018-12-03', 0, '', '2018-12-28 19:47:58', 1),
(582, 28, '', '2018-12-03', 0, '', '2018-12-28 19:47:58', 1),
(583, 29, '', '2018-12-03', 0, '', '2018-12-28 19:47:58', 1),
(584, 1, '', '2018-12-04', 0, '', '2018-12-28 19:51:25', 1),
(585, 2, '', '2018-12-04', 0, '', '2018-12-28 19:51:25', 1),
(586, 3, '', '2018-12-04', 0, '', '2018-12-28 19:51:25', 1),
(587, 4, '', '2018-12-04', 0, '', '2018-12-28 19:51:25', 1),
(588, 5, '', '2018-12-04', 0, '', '2018-12-28 19:51:25', 1),
(589, 6, '', '2018-12-04', 0, '', '2018-12-28 19:51:25', 1),
(590, 7, '', '2018-12-04', 0, '', '2018-12-28 19:51:25', 1),
(591, 8, '', '2018-12-04', 0, '', '2018-12-28 19:51:26', 1),
(592, 9, '', '2018-12-04', 0, '', '2018-12-28 19:51:26', 1),
(593, 10, '', '2018-12-04', 0, '', '2018-12-28 19:51:26', 1),
(594, 11, '', '2018-12-04', 0, '', '2018-12-28 19:51:26', 1),
(595, 12, '', '2018-12-04', 0, '', '2018-12-28 19:51:26', 1),
(596, 13, '', '2018-12-04', 0, '', '2018-12-28 19:51:26', 1),
(597, 14, '', '2018-12-04', 0, '', '2018-12-28 19:51:26', 1),
(598, 15, '', '2018-12-04', 0, '', '2018-12-28 19:51:26', 1),
(599, 16, '', '2018-12-04', 0, '', '2018-12-28 19:51:26', 1),
(600, 17, '', '2018-12-04', 0, '', '2018-12-28 19:51:26', 1),
(601, 18, '', '2018-12-04', 0, '', '2018-12-28 19:51:26', 1),
(602, 19, '', '2018-12-04', 0, '', '2018-12-28 19:51:26', 1),
(603, 20, '', '2018-12-04', 0, '', '2018-12-28 19:51:26', 1),
(604, 21, '', '2018-12-04', 0, '', '2018-12-28 19:51:26', 1),
(605, 22, '', '2018-12-04', 0, '', '2018-12-28 19:51:26', 1),
(606, 23, '', '2018-12-04', 0, '', '2018-12-28 19:51:26', 1),
(607, 24, '', '2018-12-04', 0, '', '2018-12-28 19:51:26', 1),
(608, 25, '', '2018-12-04', 0, '', '2018-12-28 19:51:26', 1),
(609, 26, '', '2018-12-04', 0, '', '2018-12-28 19:51:26', 1),
(610, 27, '', '2018-12-04', 0, '', '2018-12-28 19:51:26', 1),
(611, 28, '', '2018-12-04', 0, '', '2018-12-28 19:51:26', 1),
(612, 29, '', '2018-12-04', 0, '', '2018-12-28 19:51:26', 1),
(613, 1, '', '2018-12-05', 0, '', '2018-12-28 19:59:15', 1),
(614, 2, '', '2018-12-05', 0, '', '2018-12-28 19:59:15', 1),
(615, 3, '', '2018-12-05', 0, '', '2018-12-28 19:59:15', 1),
(616, 4, '', '2018-12-05', 0, '', '2018-12-28 19:59:15', 1),
(617, 5, '', '2018-12-05', 0, '', '2018-12-28 19:59:16', 1),
(618, 6, '', '2018-12-05', 0, '', '2018-12-28 19:59:16', 1),
(619, 7, '', '2018-12-05', 0, '', '2018-12-28 19:59:16', 1),
(620, 8, '', '2018-12-05', 0, '', '2018-12-28 19:59:16', 1),
(621, 9, '', '2018-12-05', 0, '', '2018-12-28 19:59:16', 1),
(622, 10, '', '2018-12-05', 0, '', '2018-12-28 19:59:16', 1),
(623, 11, '', '2018-12-05', 0, '', '2018-12-28 19:59:16', 1),
(624, 12, '', '2018-12-05', 0, '', '2018-12-28 19:59:16', 1),
(625, 13, '', '2018-12-05', 0, '', '2018-12-28 19:59:16', 1),
(626, 14, '', '2018-12-05', 0, '', '2018-12-28 19:59:16', 1),
(627, 15, '', '2018-12-05', 0, '', '2018-12-28 19:59:16', 1),
(628, 16, '', '2018-12-05', 0, '', '2018-12-28 19:59:16', 1),
(629, 17, '', '2018-12-05', 0, '', '2018-12-28 19:59:16', 1),
(630, 18, '', '2018-12-05', 0, '', '2018-12-28 19:59:16', 1),
(631, 19, '', '2018-12-05', 0, '', '2018-12-28 19:59:16', 1),
(632, 20, '', '2018-12-05', 0, '', '2018-12-28 19:59:16', 1),
(633, 21, '', '2018-12-05', 0, '', '2018-12-28 19:59:16', 1),
(634, 22, '', '2018-12-05', 0, '', '2018-12-28 19:59:16', 1),
(635, 23, '', '2018-12-05', 0, '', '2018-12-28 19:59:16', 1),
(636, 24, '', '2018-12-05', 0, '', '2018-12-28 19:59:16', 1),
(637, 25, '', '2018-12-05', 0, '', '2018-12-28 19:59:16', 1),
(638, 26, '', '2018-12-05', 0, '', '2018-12-28 19:59:16', 1),
(639, 27, '', '2018-12-05', 0, '', '2018-12-28 19:59:16', 1),
(640, 28, '', '2018-12-05', 0, '', '2018-12-28 19:59:16', 1),
(641, 29, '', '2018-12-05', 0, '', '2018-12-28 19:59:16', 1),
(642, 1, '', '2018-12-06', 0, '', '2018-12-28 20:02:37', 1),
(643, 2, '', '2018-12-06', 0, '', '2018-12-28 20:02:37', 1),
(644, 3, '', '2018-12-06', 0, '', '2018-12-28 20:02:37', 1),
(645, 4, '', '2018-12-06', 0, '', '2018-12-28 20:02:37', 1),
(646, 5, '', '2018-12-06', 0, '', '2018-12-28 20:02:37', 1),
(647, 6, '', '2018-12-06', 0, '', '2018-12-28 20:02:37', 1),
(648, 7, '', '2018-12-06', 0, '', '2018-12-28 20:02:37', 1),
(649, 8, '', '2018-12-06', 0, '', '2018-12-28 20:02:37', 1),
(650, 9, '', '2018-12-06', 0, '', '2018-12-28 20:02:37', 1),
(651, 10, '', '2018-12-06', 0, '', '2018-12-28 20:02:37', 1),
(652, 11, '', '2018-12-06', 0, '', '2018-12-28 20:02:37', 1),
(653, 12, '', '2018-12-06', 0, '', '2018-12-28 20:02:37', 1),
(654, 13, '', '2018-12-06', 0, '', '2018-12-28 20:02:37', 1),
(655, 14, '', '2018-12-06', 0, '', '2018-12-28 20:02:37', 1),
(656, 15, '', '2018-12-06', 0, '', '2018-12-28 20:02:37', 1),
(657, 16, '', '2018-12-06', 0, '', '2018-12-28 20:02:37', 1),
(658, 17, '', '2018-12-06', 0, '', '2018-12-28 20:02:38', 1),
(659, 18, '', '2018-12-06', 0, '', '2018-12-28 20:02:38', 1),
(660, 19, '', '2018-12-06', 0, '', '2018-12-28 20:02:38', 1),
(661, 20, '', '2018-12-06', 0, '', '2018-12-28 20:02:38', 1),
(662, 21, '', '2018-12-06', 0, '', '2018-12-28 20:02:38', 1),
(663, 22, '', '2018-12-06', 0, '', '2018-12-28 20:02:38', 1),
(664, 23, '', '2018-12-06', 0, '', '2018-12-28 20:02:38', 1),
(665, 24, '', '2018-12-06', 0, '', '2018-12-28 20:02:38', 1),
(666, 25, '', '2018-12-06', 0, '', '2018-12-28 20:02:38', 1),
(667, 26, '', '2018-12-06', 0, '', '2018-12-28 20:02:38', 1),
(668, 27, '', '2018-12-06', 0, '', '2018-12-28 20:02:38', 1),
(669, 28, '', '2018-12-06', 0, '', '2018-12-28 20:02:38', 1),
(670, 29, '', '2018-12-06', 0, '', '2018-12-28 20:02:38', 1),
(671, 28, '', '2018-12-07', 0, '', '2019-01-01 20:17:16', 1),
(672, 2, '', '2018-12-07', 0, '', '2019-01-01 20:17:16', 1),
(673, 22, '', '2018-12-07', 0, '', '2019-01-01 20:17:16', 1),
(674, 26, '', '2018-12-07', 0, '', '2019-01-01 20:17:16', 1),
(675, 19, '', '2018-12-07', 0, '', '2019-01-01 20:17:16', 1),
(676, 29, '', '2018-12-07', 0, '', '2019-01-01 20:17:16', 1),
(677, 8, '', '2018-12-07', 0, '', '2019-01-01 20:17:16', 1),
(678, 15, '', '2018-12-07', 0, '', '2019-01-01 20:17:16', 1),
(679, 6, '', '2018-12-07', 0, '', '2019-01-01 20:17:16', 1),
(680, 25, '', '2018-12-07', 0, '', '2019-01-01 20:17:17', 1),
(681, 3, '', '2018-12-07', 0, '', '2019-01-01 20:17:17', 1),
(682, 24, '', '2018-12-07', 0, '', '2019-01-01 20:17:17', 1),
(683, 17, '', '2018-12-07', 0, '', '2019-01-01 20:17:17', 1),
(684, 1, '', '2018-12-07', 0, '', '2019-01-01 20:17:17', 1),
(685, 20, '', '2018-12-07', 0, '', '2019-01-01 20:17:17', 1),
(686, 7, '', '2018-12-07', 0, '', '2019-01-01 20:17:17', 1),
(687, 10, '', '2018-12-07', 0, '', '2019-01-01 20:17:17', 1),
(688, 23, '', '2018-12-07', 0, '', '2019-01-01 20:17:17', 1),
(689, 12, '', '2018-12-07', 0, '', '2019-01-01 20:17:17', 1),
(690, 16, '', '2018-12-07', 0, '', '2019-01-01 20:17:17', 1),
(691, 21, '', '2018-12-07', 0, '', '2019-01-01 20:17:17', 1),
(692, 9, '', '2018-12-07', 0, '', '2019-01-01 20:17:17', 1),
(693, 14, '', '2018-12-07', 0, '', '2019-01-01 20:17:17', 1),
(694, 13, '', '2018-12-07', 0, '', '2019-01-01 20:17:17', 1),
(695, 5, '', '2018-12-07', 0, '', '2019-01-01 20:17:17', 1),
(696, 27, '', '2018-12-07', 0, '', '2019-01-01 20:17:17', 1),
(697, 4, '', '2018-12-07', 0, '', '2019-01-01 20:17:17', 1),
(698, 18, '', '2018-12-07', 0, '', '2019-01-01 20:17:17', 1),
(699, 11, '', '2018-12-07', 0, '', '2019-01-01 20:17:17', 1),
(700, 28, '', '2018-12-08', 0, '', '2019-01-01 21:08:49', 1),
(701, 2, '', '2018-12-08', 0, '', '2019-01-01 21:08:49', 1),
(702, 22, '', '2018-12-08', 0, '', '2019-01-01 21:08:49', 1),
(703, 26, '', '2018-12-08', 0, '', '2019-01-01 21:08:49', 1),
(704, 19, '', '2018-12-08', 0, '', '2019-01-01 21:08:49', 1),
(705, 29, '', '2018-12-08', 0, '', '2019-01-01 21:08:49', 1),
(706, 8, '', '2018-12-08', 0, '', '2019-01-01 21:08:49', 1),
(707, 15, '', '2018-12-08', 0, '', '2019-01-01 21:08:49', 1),
(708, 6, '', '2018-12-08', 0, '', '2019-01-01 21:08:49', 1),
(709, 25, '', '2018-12-08', 0, '', '2019-01-01 21:08:49', 1),
(710, 3, '', '2018-12-08', 0, '', '2019-01-01 21:08:49', 1),
(711, 24, '', '2018-12-08', 0, '', '2019-01-01 21:08:49', 1),
(712, 17, '', '2018-12-08', 0, '', '2019-01-01 21:08:49', 1),
(713, 1, '', '2018-12-08', 0, '', '2019-01-01 21:08:49', 1),
(714, 20, '', '2018-12-08', 0, '', '2019-01-01 21:08:49', 1),
(715, 7, '', '2018-12-08', 0, '', '2019-01-01 21:08:49', 1),
(716, 10, '', '2018-12-08', 0, '', '2019-01-01 21:08:49', 1),
(717, 23, '', '2018-12-08', 0, '', '2019-01-01 21:08:49', 1),
(718, 12, '', '2018-12-08', 0, '', '2019-01-01 21:08:49', 1),
(719, 16, '', '2018-12-08', 0, '', '2019-01-01 21:08:49', 1),
(720, 21, '', '2018-12-08', 0, '', '2019-01-01 21:08:49', 1),
(721, 9, '', '2018-12-08', 0, '', '2019-01-01 21:08:49', 1),
(722, 14, '', '2018-12-08', 0, '', '2019-01-01 21:08:49', 1),
(723, 13, '', '2018-12-08', 0, '', '2019-01-01 21:08:49', 1),
(724, 5, '', '2018-12-08', 0, '', '2019-01-01 21:08:49', 1),
(725, 27, '', '2018-12-08', 0, '', '2019-01-01 21:08:49', 1),
(726, 4, '', '2018-12-08', 0, '', '2019-01-01 21:08:49', 1),
(727, 18, '', '2018-12-08', 0, '', '2019-01-01 21:08:49', 1),
(728, 11, '', '2018-12-08', 0, '', '2019-01-01 21:08:49', 1),
(729, 28, '', '2018-12-10', 0, '', '2019-01-02 12:15:29', 1),
(730, 2, '', '2018-12-10', 0, '', '2019-01-02 12:15:29', 1),
(731, 22, '', '2018-12-10', 0, '', '2019-01-02 12:15:29', 1),
(732, 26, '', '2018-12-10', 0, '', '2019-01-02 12:15:29', 1),
(733, 19, '', '2018-12-10', 0, '', '2019-01-02 12:15:29', 1),
(734, 29, '', '2018-12-10', 0, '', '2019-01-02 12:15:29', 1),
(735, 8, '', '2018-12-10', 0, '', '2019-01-02 12:15:29', 1),
(736, 15, '', '2018-12-10', 0, '', '2019-01-02 12:15:30', 1),
(737, 6, '', '2018-12-10', 0, '', '2019-01-02 12:15:30', 1),
(738, 25, '', '2018-12-10', 0, '', '2019-01-02 12:15:30', 1),
(739, 3, '', '2018-12-10', 0, '', '2019-01-02 12:15:30', 1),
(740, 24, '', '2018-12-10', 0, '', '2019-01-02 12:15:30', 1),
(741, 17, '', '2018-12-10', 0, '', '2019-01-02 12:15:30', 1),
(742, 1, '', '2018-12-10', 0, '', '2019-01-02 12:15:30', 1),
(743, 20, '', '2018-12-10', 0, '', '2019-01-02 12:15:30', 1),
(744, 7, '', '2018-12-10', 0, '', '2019-01-02 12:15:30', 1),
(745, 10, '', '2018-12-10', 0, '', '2019-01-02 12:15:30', 1),
(746, 23, '', '2018-12-10', 0, '', '2019-01-02 12:15:30', 1),
(747, 12, '', '2018-12-10', 0, '', '2019-01-02 12:15:30', 1),
(748, 16, '', '2018-12-10', 0, '', '2019-01-02 12:15:30', 1),
(749, 21, '', '2018-12-10', 0, '', '2019-01-02 12:15:30', 1),
(750, 9, '', '2018-12-10', 0, '', '2019-01-02 12:15:30', 1),
(751, 14, '', '2018-12-10', 0, '', '2019-01-02 12:15:30', 1),
(752, 13, '', '2018-12-10', 0, '', '2019-01-02 12:15:30', 1),
(753, 5, '', '2018-12-10', 0, '', '2019-01-02 12:15:30', 1),
(754, 27, '', '2018-12-10', 0, '', '2019-01-02 12:15:30', 1),
(755, 4, '', '2018-12-10', 0, '', '2019-01-02 12:15:30', 1),
(756, 18, '', '2018-12-10', 0, '', '2019-01-02 12:15:30', 1),
(757, 11, '', '2018-12-10', 0, '', '2019-01-02 12:15:30', 1),
(758, 28, '', '2018-12-11', 0, '', '2019-01-02 12:22:28', 1),
(759, 2, '', '2018-12-11', 0, '', '2019-01-02 12:22:29', 1),
(760, 22, '', '2018-12-11', 0, '', '2019-01-02 12:22:29', 1),
(761, 26, '', '2018-12-11', 0, '', '2019-01-02 12:22:29', 1),
(762, 19, '', '2018-12-11', 0, '', '2019-01-02 12:22:29', 1),
(763, 29, '', '2018-12-11', 0, '', '2019-01-02 12:22:29', 1),
(764, 8, '', '2018-12-11', 0, '', '2019-01-02 12:22:29', 1),
(765, 15, '', '2018-12-11', 0, '', '2019-01-02 12:22:29', 1),
(766, 6, '', '2018-12-11', 0, '', '2019-01-02 12:22:29', 1),
(767, 25, '', '2018-12-11', 0, '', '2019-01-02 12:22:29', 1),
(768, 3, '', '2018-12-11', 0, '', '2019-01-02 12:22:29', 1),
(769, 24, '', '2018-12-11', 0, '', '2019-01-02 12:22:29', 1),
(770, 17, '', '2018-12-11', 0, '', '2019-01-02 12:22:29', 1),
(771, 1, '', '2018-12-11', 0, '', '2019-01-02 12:22:29', 1),
(772, 20, '', '2018-12-11', 0, '', '2019-01-02 12:22:29', 1),
(773, 7, '', '2018-12-11', 0, '', '2019-01-02 12:22:29', 1),
(774, 10, '', '2018-12-11', 0, '', '2019-01-02 12:22:29', 1),
(775, 23, '', '2018-12-11', 0, '', '2019-01-02 12:22:29', 1),
(776, 12, '', '2018-12-11', 0, '', '2019-01-02 12:22:29', 1),
(777, 16, '', '2018-12-11', 0, '', '2019-01-02 12:22:29', 1),
(778, 21, '', '2018-12-11', 0, '', '2019-01-02 12:22:29', 1),
(779, 9, '', '2018-12-11', 0, '', '2019-01-02 12:22:29', 1),
(780, 14, '', '2018-12-11', 0, '', '2019-01-02 12:22:29', 1),
(781, 13, '', '2018-12-11', 0, '', '2019-01-02 12:22:29', 1),
(782, 5, '', '2018-12-11', 0, '', '2019-01-02 12:22:29', 1),
(783, 27, '', '2018-12-11', 0, '', '2019-01-02 12:22:29', 1),
(784, 4, '', '2018-12-11', 0, '', '2019-01-02 12:22:29', 1),
(785, 18, '', '2018-12-11', 0, '', '2019-01-02 12:22:29', 1),
(786, 11, '', '2018-12-11', 0, '', '2019-01-02 12:22:29', 1),
(787, 28, '', '2018-12-13', 0, '', '2019-01-02 12:31:29', 1),
(788, 2, '', '2018-12-13', 0, '', '2019-01-02 12:31:29', 1),
(789, 22, '', '2018-12-13', 0, '', '2019-01-02 12:31:29', 1),
(790, 26, '', '2018-12-13', 0, '', '2019-01-02 12:31:29', 1),
(791, 19, '', '2018-12-13', 0, '', '2019-01-02 12:31:29', 1),
(792, 29, '', '2018-12-13', 0, '', '2019-01-02 12:31:29', 1),
(793, 8, '', '2018-12-13', 0, '', '2019-01-02 12:31:29', 1),
(794, 15, '', '2018-12-13', 0, '', '2019-01-02 12:31:29', 1),
(795, 6, '', '2018-12-13', 0, '', '2019-01-02 12:31:29', 1),
(796, 25, '', '2018-12-13', 0, '', '2019-01-02 12:31:29', 1),
(797, 3, '', '2018-12-13', 0, '', '2019-01-02 12:31:29', 1),
(798, 24, '', '2018-12-13', 0, '', '2019-01-02 12:31:29', 1),
(799, 17, '', '2018-12-13', 0, '', '2019-01-02 12:31:29', 1),
(800, 1, '', '2018-12-13', 0, '', '2019-01-02 12:31:29', 1),
(801, 20, '', '2018-12-13', 0, '', '2019-01-02 12:31:29', 1),
(802, 7, '', '2018-12-13', 0, '', '2019-01-02 12:31:29', 1),
(803, 10, '', '2018-12-13', 0, '', '2019-01-02 12:31:29', 1),
(804, 23, '', '2018-12-13', 0, '', '2019-01-02 12:31:29', 1),
(805, 12, '', '2018-12-13', 0, '', '2019-01-02 12:31:29', 1),
(806, 16, '', '2018-12-13', 0, '', '2019-01-02 12:31:29', 1),
(807, 21, '', '2018-12-13', 0, '', '2019-01-02 12:31:30', 1),
(808, 9, '', '2018-12-13', 0, '', '2019-01-02 12:31:30', 1),
(809, 14, '', '2018-12-13', 0, '', '2019-01-02 12:31:30', 1),
(810, 13, '', '2018-12-13', 0, '', '2019-01-02 12:31:30', 1),
(811, 5, '', '2018-12-13', 0, '', '2019-01-02 12:31:30', 1),
(812, 27, '', '2018-12-13', 0, '', '2019-01-02 12:31:30', 1),
(813, 4, '', '2018-12-13', 0, '', '2019-01-02 12:31:30', 1),
(814, 18, '', '2018-12-13', 0, '', '2019-01-02 12:31:30', 1),
(815, 11, '', '2018-12-13', 0, '', '2019-01-02 12:31:30', 1),
(816, 28, '', '2018-12-14', 0, '', '2019-01-02 12:36:50', 1),
(817, 2, '', '2018-12-14', 0, '', '2019-01-02 12:36:50', 1),
(818, 22, '', '2018-12-14', 0, '', '2019-01-02 12:36:50', 1),
(819, 26, '', '2018-12-14', 0, '', '2019-01-02 12:36:50', 1),
(820, 19, '', '2018-12-14', 0, '', '2019-01-02 12:36:50', 1),
(821, 29, '', '2018-12-14', 0, '', '2019-01-02 12:36:50', 1),
(822, 8, '', '2018-12-14', 0, '', '2019-01-02 12:36:50', 1),
(823, 15, '', '2018-12-14', 0, '', '2019-01-02 12:36:50', 1),
(824, 6, '', '2018-12-14', 0, '', '2019-01-02 12:36:50', 1),
(825, 25, '', '2018-12-14', 0, '', '2019-01-02 12:36:50', 1),
(826, 3, '', '2018-12-14', 0, '', '2019-01-02 12:36:50', 1),
(827, 24, '', '2018-12-14', 0, '', '2019-01-02 12:36:50', 1),
(828, 17, '', '2018-12-14', 0, '', '2019-01-02 12:36:50', 1),
(829, 1, '', '2018-12-14', 0, '', '2019-01-02 12:36:50', 1),
(830, 20, '', '2018-12-14', 0, '', '2019-01-02 12:36:50', 1),
(831, 7, '', '2018-12-14', 0, '', '2019-01-02 12:36:50', 1);
INSERT INTO `attendance` (`id`, `staff_id`, `shift`, `date`, `is_present`, `remarks`, `created_date`, `created_user`) VALUES
(832, 10, '', '2018-12-14', 0, '', '2019-01-02 12:36:50', 1),
(833, 23, '', '2018-12-14', 0, '', '2019-01-02 12:36:50', 1),
(834, 12, '', '2018-12-14', 0, '', '2019-01-02 12:36:50', 1),
(835, 16, '', '2018-12-14', 0, '', '2019-01-02 12:36:50', 1),
(836, 21, '', '2018-12-14', 0, '', '2019-01-02 12:36:50', 1),
(837, 9, '', '2018-12-14', 0, '', '2019-01-02 12:36:50', 1),
(838, 14, '', '2018-12-14', 0, '', '2019-01-02 12:36:50', 1),
(839, 13, '', '2018-12-14', 0, '', '2019-01-02 12:36:50', 1),
(840, 5, '', '2018-12-14', 0, '', '2019-01-02 12:36:50', 1),
(841, 27, '', '2018-12-14', 0, '', '2019-01-02 12:36:50', 1),
(842, 4, '', '2018-12-14', 0, '', '2019-01-02 12:36:50', 1),
(843, 18, '', '2018-12-14', 0, '', '2019-01-02 12:36:50', 1),
(844, 11, '', '2018-12-14', 0, '', '2019-01-02 12:36:50', 1),
(845, 28, '', '2018-12-15', 0, '', '2019-01-02 12:41:14', 1),
(846, 2, '', '2018-12-15', 0, '', '2019-01-02 12:41:14', 1),
(847, 22, '', '2018-12-15', 0, '', '2019-01-02 12:41:14', 1),
(848, 26, '', '2018-12-15', 0, '', '2019-01-02 12:41:14', 1),
(849, 19, '', '2018-12-15', 0, '', '2019-01-02 12:41:14', 1),
(850, 29, '', '2018-12-15', 0, '', '2019-01-02 12:41:14', 1),
(851, 8, '', '2018-12-15', 0, '', '2019-01-02 12:41:14', 1),
(852, 15, '', '2018-12-15', 0, '', '2019-01-02 12:41:14', 1),
(853, 6, '', '2018-12-15', 0, '', '2019-01-02 12:41:14', 1),
(854, 25, '', '2018-12-15', 0, '', '2019-01-02 12:41:14', 1),
(855, 3, '', '2018-12-15', 0, '', '2019-01-02 12:41:14', 1),
(856, 24, '', '2018-12-15', 0, '', '2019-01-02 12:41:14', 1),
(857, 17, '', '2018-12-15', 0, '', '2019-01-02 12:41:14', 1),
(858, 1, '', '2018-12-15', 0, '', '2019-01-02 12:41:15', 1),
(859, 20, '', '2018-12-15', 0, '', '2019-01-02 12:41:15', 1),
(860, 7, '', '2018-12-15', 0, '', '2019-01-02 12:41:15', 1),
(861, 10, '', '2018-12-15', 0, '', '2019-01-02 12:41:15', 1),
(862, 23, '', '2018-12-15', 0, '', '2019-01-02 12:41:15', 1),
(863, 12, '', '2018-12-15', 0, '', '2019-01-02 12:41:15', 1),
(864, 16, '', '2018-12-15', 0, '', '2019-01-02 12:41:15', 1),
(865, 21, '', '2018-12-15', 0, '', '2019-01-02 12:41:15', 1),
(866, 9, '', '2018-12-15', 0, '', '2019-01-02 12:41:15', 1),
(867, 14, '', '2018-12-15', 0, '', '2019-01-02 12:41:15', 1),
(868, 13, '', '2018-12-15', 0, '', '2019-01-02 12:41:15', 1),
(869, 5, '', '2018-12-15', 0, '', '2019-01-02 12:41:15', 1),
(870, 27, '', '2018-12-15', 0, '', '2019-01-02 12:41:15', 1),
(871, 4, '', '2018-12-15', 0, '', '2019-01-02 12:41:15', 1),
(872, 18, '', '2018-12-15', 0, '', '2019-01-02 12:41:15', 1),
(873, 11, '', '2018-12-15', 0, '', '2019-01-02 12:41:15', 1),
(874, 28, '', '2018-12-17', 0, '', '2019-01-02 12:51:38', 1),
(875, 29, '', '2018-12-17', 0, '', '2019-01-02 12:51:38', 1),
(876, 27, '', '2018-12-17', 0, '', '2019-01-02 12:51:39', 1),
(877, 28, '', '2018-12-18', 0, '', '2019-01-02 12:57:59', 1),
(878, 2, '', '2018-12-18', 0, '', '2019-01-02 12:57:59', 1),
(879, 22, '', '2018-12-18', 0, '', '2019-01-02 12:57:59', 1),
(880, 26, '', '2018-12-18', 0, '', '2019-01-02 12:57:59', 1),
(881, 19, '', '2018-12-18', 0, '', '2019-01-02 12:57:59', 1),
(882, 29, '', '2018-12-18', 0, '', '2019-01-02 12:57:59', 1),
(883, 8, '', '2018-12-18', 0, '', '2019-01-02 12:57:59', 1),
(884, 15, '', '2018-12-18', 0, '', '2019-01-02 12:57:59', 1),
(885, 6, '', '2018-12-18', 0, '', '2019-01-02 12:57:59', 1),
(886, 25, '', '2018-12-18', 0, '', '2019-01-02 12:57:59', 1),
(887, 3, '', '2018-12-18', 0, '', '2019-01-02 12:57:59', 1),
(888, 24, '', '2018-12-18', 0, '', '2019-01-02 12:57:59', 1),
(889, 17, '', '2018-12-18', 0, '', '2019-01-02 12:57:59', 1),
(890, 1, '', '2018-12-18', 0, '', '2019-01-02 12:57:59', 1),
(891, 20, '', '2018-12-18', 0, '', '2019-01-02 12:57:59', 1),
(892, 7, '', '2018-12-18', 0, '', '2019-01-02 12:57:59', 1),
(893, 10, '', '2018-12-18', 0, '', '2019-01-02 12:57:59', 1),
(894, 23, '', '2018-12-18', 0, '', '2019-01-02 12:57:59', 1),
(895, 12, '', '2018-12-18', 0, '', '2019-01-02 12:57:59', 1),
(896, 16, '', '2018-12-18', 0, '', '2019-01-02 12:57:59', 1),
(897, 21, '', '2018-12-18', 0, '', '2019-01-02 12:57:59', 1),
(898, 9, '', '2018-12-18', 0, '', '2019-01-02 12:57:59', 1),
(899, 14, '', '2018-12-18', 0, '', '2019-01-02 12:57:59', 1),
(900, 13, '', '2018-12-18', 0, '', '2019-01-02 12:57:59', 1),
(901, 5, '', '2018-12-18', 0, '', '2019-01-02 12:57:59', 1),
(902, 27, '', '2018-12-18', 0, '', '2019-01-02 12:57:59', 1),
(903, 4, '', '2018-12-18', 0, '', '2019-01-02 12:57:59', 1),
(904, 18, '', '2018-12-18', 0, '', '2019-01-02 12:57:59', 1),
(905, 11, '', '2018-12-18', 0, '', '2019-01-02 12:57:59', 1),
(906, 28, '1.5', '2018-12-19', 1, '', '2019-01-04 16:26:36', 1),
(907, 2, '1.5', '2018-12-19', 1, '', '2019-01-04 16:26:36', 1),
(908, 22, '2', '2018-12-19', 1, '', '2019-01-04 16:26:36', 1),
(909, 26, '1.5', '2018-12-19', 1, '', '2019-01-04 16:26:36', 1),
(910, 19, '1.5', '2018-12-19', 1, '', '2019-01-04 16:26:36', 1),
(911, 29, '1.5', '2018-12-19', 1, '', '2019-01-04 16:26:37', 1),
(912, 8, '1.5', '2018-12-19', 1, '', '2019-01-04 16:26:37', 1),
(913, 15, '1.5', '2018-12-19', 1, '', '2019-01-04 16:26:37', 1),
(914, 6, '1.5', '2018-12-19', 1, '', '2019-01-04 16:26:37', 1),
(915, 25, '1.5', '2018-12-19', 1, '', '2019-01-04 16:26:37', 1),
(916, 3, '1.5', '2018-12-19', 1, '', '2019-01-04 16:26:37', 1),
(917, 24, '', '2018-12-19', 0, '', '2019-01-04 16:26:37', 1),
(918, 17, '2', '2018-12-19', 1, '', '2019-01-04 16:26:37', 1),
(919, 1, '1.5', '2018-12-19', 1, '', '2019-01-04 16:26:37', 1),
(920, 20, '1.5', '2018-12-19', 1, '', '2019-01-04 16:26:37', 1),
(921, 7, '2', '2018-12-19', 1, '', '2019-01-04 16:26:37', 1),
(922, 10, '1.5', '2018-12-19', 1, '', '2019-01-04 16:26:37', 1),
(923, 23, '1.5', '2018-12-19', 1, '', '2019-01-04 16:26:37', 1),
(924, 12, '1.5', '2018-12-19', 1, '', '2019-01-04 16:26:37', 1),
(925, 16, '1.5', '2018-12-19', 1, '', '2019-01-04 16:26:37', 1),
(926, 21, '1.5', '2018-12-19', 1, '', '2019-01-04 16:26:37', 1),
(927, 9, '2', '2018-12-19', 1, '', '2019-01-04 16:26:37', 1),
(928, 14, '1.5', '2018-12-19', 1, '', '2019-01-04 16:26:37', 1),
(929, 13, '1.5', '2018-12-19', 1, '', '2019-01-04 16:26:37', 1),
(930, 5, '', '2018-12-19', 0, '', '2019-01-04 16:26:37', 1),
(931, 27, '2', '2018-12-19', 1, '', '2019-01-04 16:26:37', 1),
(932, 4, '1.5', '2018-12-19', 1, '', '2019-01-04 16:26:37', 1),
(933, 18, '', '2018-12-19', 0, '', '2019-01-04 16:26:37', 1),
(934, 11, '1.5', '2018-12-19', 1, '', '2019-01-04 16:26:37', 1),
(935, 28, '', '2018-12-20', 0, '', '2019-01-04 16:35:16', 1),
(936, 2, '', '2018-12-20', 0, '', '2019-01-04 16:35:16', 1),
(937, 22, '', '2018-12-20', 0, '', '2019-01-04 16:35:16', 1),
(938, 26, '', '2018-12-20', 0, '', '2019-01-04 16:35:16', 1),
(939, 19, '', '2018-12-20', 0, '', '2019-01-04 16:35:16', 1),
(940, 29, '', '2018-12-20', 0, '', '2019-01-04 16:35:16', 1),
(941, 8, '', '2018-12-20', 0, '', '2019-01-04 16:35:16', 1),
(942, 15, '', '2018-12-20', 0, '', '2019-01-04 16:35:16', 1),
(943, 6, '', '2018-12-20', 0, '', '2019-01-04 16:35:16', 1),
(944, 25, '', '2018-12-20', 0, '', '2019-01-04 16:35:16', 1),
(945, 3, '', '2018-12-20', 0, '', '2019-01-04 16:35:16', 1),
(946, 24, '', '2018-12-20', 0, '', '2019-01-04 16:35:16', 1),
(947, 17, '', '2018-12-20', 0, '', '2019-01-04 16:35:16', 1),
(948, 1, '', '2018-12-20', 0, '', '2019-01-04 16:35:16', 1),
(949, 20, '', '2018-12-20', 0, '', '2019-01-04 16:35:16', 1),
(950, 7, '', '2018-12-20', 0, '', '2019-01-04 16:35:16', 1),
(951, 10, '', '2018-12-20', 0, '', '2019-01-04 16:35:16', 1),
(952, 23, '', '2018-12-20', 0, '', '2019-01-04 16:35:16', 1),
(953, 12, '', '2018-12-20', 0, '', '2019-01-04 16:35:16', 1),
(954, 16, '', '2018-12-20', 0, '', '2019-01-04 16:35:16', 1),
(955, 21, '', '2018-12-20', 0, '', '2019-01-04 16:35:17', 1),
(956, 9, '', '2018-12-20', 0, '', '2019-01-04 16:35:17', 1),
(957, 14, '', '2018-12-20', 0, '', '2019-01-04 16:35:17', 1),
(958, 13, '', '2018-12-20', 0, '', '2019-01-04 16:35:17', 1),
(959, 5, '', '2018-12-20', 0, '', '2019-01-04 16:35:17', 1),
(960, 27, '', '2018-12-20', 0, '', '2019-01-04 16:35:17', 1),
(961, 4, '', '2018-12-20', 0, '', '2019-01-04 16:35:17', 1),
(962, 18, '', '2018-12-20', 0, '', '2019-01-04 16:35:17', 1),
(963, 11, '', '2018-12-20', 0, '', '2019-01-04 16:35:17', 1),
(964, 28, '', '2018-12-21', 0, '', '2019-01-04 18:02:06', 1),
(965, 2, '', '2018-12-21', 0, '', '2019-01-04 18:02:06', 1),
(966, 22, '', '2018-12-21', 0, '', '2019-01-04 18:02:06', 1),
(967, 26, '', '2018-12-21', 0, '', '2019-01-04 18:02:06', 1),
(968, 19, '', '2018-12-21', 0, '', '2019-01-04 18:02:06', 1),
(969, 29, '', '2018-12-21', 0, '', '2019-01-04 18:02:06', 1),
(970, 8, '', '2018-12-21', 0, '', '2019-01-04 18:02:07', 1),
(971, 15, '', '2018-12-21', 0, '', '2019-01-04 18:02:07', 1),
(972, 6, '', '2018-12-21', 0, '', '2019-01-04 18:02:07', 1),
(973, 25, '', '2018-12-21', 0, '', '2019-01-04 18:02:07', 1),
(974, 3, '', '2018-12-21', 0, '', '2019-01-04 18:02:07', 1),
(975, 24, '', '2018-12-21', 0, '', '2019-01-04 18:02:07', 1),
(976, 17, '', '2018-12-21', 0, '', '2019-01-04 18:02:07', 1),
(977, 1, '', '2018-12-21', 0, '', '2019-01-04 18:02:07', 1),
(978, 20, '', '2018-12-21', 0, '', '2019-01-04 18:02:07', 1),
(979, 7, '', '2018-12-21', 0, '', '2019-01-04 18:02:07', 1),
(980, 10, '', '2018-12-21', 0, '', '2019-01-04 18:02:07', 1),
(981, 23, '', '2018-12-21', 0, '', '2019-01-04 18:02:07', 1),
(982, 12, '', '2018-12-21', 0, '', '2019-01-04 18:02:07', 1),
(983, 16, '', '2018-12-21', 0, '', '2019-01-04 18:02:07', 1),
(984, 21, '', '2018-12-21', 0, '', '2019-01-04 18:02:07', 1),
(985, 9, '', '2018-12-21', 0, '', '2019-01-04 18:02:07', 1),
(986, 14, '', '2018-12-21', 0, '', '2019-01-04 18:02:07', 1),
(987, 13, '', '2018-12-21', 0, '', '2019-01-04 18:02:07', 1),
(988, 5, '', '2018-12-21', 0, '', '2019-01-04 18:02:07', 1),
(989, 27, '', '2018-12-21', 0, '', '2019-01-04 18:02:07', 1),
(990, 4, '', '2018-12-21', 0, '', '2019-01-04 18:02:07', 1),
(991, 18, '', '2018-12-21', 0, '', '2019-01-04 18:02:07', 1),
(992, 11, '', '2018-12-21', 0, '', '2019-01-04 18:02:07', 1),
(1022, 28, '', '2018-12-22', 0, '', '2019-01-07 19:12:17', 1),
(1023, 2, '', '2018-12-22', 0, '', '2019-01-07 19:12:17', 1),
(1024, 22, '', '2018-12-22', 0, '', '2019-01-07 19:12:17', 1),
(1025, 26, '', '2018-12-22', 0, '', '2019-01-07 19:12:17', 1),
(1026, 19, '', '2018-12-22', 0, '', '2019-01-07 19:12:17', 1),
(1027, 29, '', '2018-12-22', 0, '', '2019-01-07 19:12:17', 1),
(1028, 8, '', '2018-12-22', 0, '', '2019-01-07 19:12:17', 1),
(1029, 15, '', '2018-12-22', 0, '', '2019-01-07 19:12:17', 1),
(1030, 6, '', '2018-12-22', 0, '', '2019-01-07 19:12:17', 1),
(1031, 25, '', '2018-12-22', 0, '', '2019-01-07 19:12:17', 1),
(1032, 3, '', '2018-12-22', 0, '', '2019-01-07 19:12:17', 1),
(1033, 24, '', '2018-12-22', 0, '', '2019-01-07 19:12:17', 1),
(1034, 17, '', '2018-12-22', 0, '', '2019-01-07 19:12:17', 1),
(1035, 1, '', '2018-12-22', 0, '', '2019-01-07 19:12:17', 1),
(1036, 20, '', '2018-12-22', 0, '', '2019-01-07 19:12:17', 1),
(1037, 7, '', '2018-12-22', 0, '', '2019-01-07 19:12:18', 1),
(1038, 10, '', '2018-12-22', 0, '', '2019-01-07 19:12:18', 1),
(1039, 23, '', '2018-12-22', 0, '', '2019-01-07 19:12:18', 1),
(1040, 12, '', '2018-12-22', 0, '', '2019-01-07 19:12:18', 1),
(1041, 16, '', '2018-12-22', 0, '', '2019-01-07 19:12:18', 1),
(1042, 21, '', '2018-12-22', 0, '', '2019-01-07 19:12:18', 1),
(1043, 9, '', '2018-12-22', 0, '', '2019-01-07 19:12:18', 1),
(1044, 14, '', '2018-12-22', 0, '', '2019-01-07 19:12:18', 1),
(1045, 13, '', '2018-12-22', 0, '', '2019-01-07 19:12:18', 1),
(1046, 5, '', '2018-12-22', 0, '', '2019-01-07 19:12:18', 1),
(1047, 27, '', '2018-12-22', 0, '', '2019-01-07 19:12:18', 1),
(1048, 4, '', '2018-12-22', 0, '', '2019-01-07 19:12:18', 1),
(1049, 18, '', '2018-12-22', 0, '', '2019-01-07 19:12:18', 1),
(1050, 11, '', '2018-12-22', 0, '', '2019-01-07 19:12:18', 1),
(1051, 28, '', '2018-12-24', 0, '', '2019-01-07 19:15:31', 1),
(1052, 2, '', '2018-12-24', 0, '', '2019-01-07 19:15:31', 1),
(1053, 22, '', '2018-12-24', 0, '', '2019-01-07 19:15:31', 1),
(1054, 26, '', '2018-12-24', 0, '', '2019-01-07 19:15:31', 1),
(1055, 19, '', '2018-12-24', 0, '', '2019-01-07 19:15:31', 1),
(1056, 29, '', '2018-12-24', 0, '', '2019-01-07 19:15:31', 1),
(1057, 8, '', '2018-12-24', 0, '', '2019-01-07 19:15:31', 1),
(1058, 15, '', '2018-12-24', 0, '', '2019-01-07 19:15:31', 1),
(1059, 6, '', '2018-12-24', 0, '', '2019-01-07 19:15:31', 1),
(1060, 25, '', '2018-12-24', 0, '', '2019-01-07 19:15:31', 1),
(1061, 3, '', '2018-12-24', 0, '', '2019-01-07 19:15:31', 1),
(1062, 24, '', '2018-12-24', 0, '', '2019-01-07 19:15:31', 1),
(1063, 17, '', '2018-12-24', 0, '', '2019-01-07 19:15:31', 1),
(1064, 1, '', '2018-12-24', 0, '', '2019-01-07 19:15:31', 1),
(1065, 20, '', '2018-12-24', 0, '', '2019-01-07 19:15:31', 1),
(1066, 7, '', '2018-12-24', 0, '', '2019-01-07 19:15:31', 1),
(1067, 10, '', '2018-12-24', 0, '', '2019-01-07 19:15:31', 1),
(1068, 23, '', '2018-12-24', 0, '', '2019-01-07 19:15:31', 1),
(1069, 12, '', '2018-12-24', 0, '', '2019-01-07 19:15:31', 1),
(1070, 16, '', '2018-12-24', 0, '', '2019-01-07 19:15:31', 1),
(1071, 21, '', '2018-12-24', 0, '', '2019-01-07 19:15:31', 1),
(1072, 9, '', '2018-12-24', 0, '', '2019-01-07 19:15:31', 1),
(1073, 14, '', '2018-12-24', 0, '', '2019-01-07 19:15:31', 1),
(1074, 13, '', '2018-12-24', 0, '', '2019-01-07 19:15:31', 1),
(1075, 5, '', '2018-12-24', 0, '', '2019-01-07 19:15:32', 1),
(1076, 27, '', '2018-12-24', 0, '', '2019-01-07 19:15:32', 1),
(1077, 4, '', '2018-12-24', 0, '', '2019-01-07 19:15:32', 1),
(1078, 18, '', '2018-12-24', 0, '', '2019-01-07 19:15:32', 1),
(1079, 11, '', '2018-12-24', 0, '', '2019-01-07 19:15:32', 1),
(1080, 28, '', '2018-12-25', 0, '', '2019-01-07 19:31:06', 1),
(1081, 2, '', '2018-12-25', 0, '', '2019-01-07 19:31:06', 1),
(1082, 22, '', '2018-12-25', 0, '', '2019-01-07 19:31:06', 1),
(1083, 26, '', '2018-12-25', 0, '', '2019-01-07 19:31:06', 1),
(1084, 19, '', '2018-12-25', 0, '', '2019-01-07 19:31:06', 1),
(1085, 29, '', '2018-12-25', 0, '', '2019-01-07 19:31:06', 1),
(1086, 8, '', '2018-12-25', 0, '', '2019-01-07 19:31:06', 1),
(1087, 15, '', '2018-12-25', 0, '', '2019-01-07 19:31:06', 1),
(1088, 6, '', '2018-12-25', 0, '', '2019-01-07 19:31:06', 1),
(1089, 25, '', '2018-12-25', 0, '', '2019-01-07 19:31:06', 1),
(1090, 3, '', '2018-12-25', 0, '', '2019-01-07 19:31:06', 1),
(1091, 24, '', '2018-12-25', 0, '', '2019-01-07 19:31:06', 1),
(1092, 17, '', '2018-12-25', 0, '', '2019-01-07 19:31:06', 1),
(1093, 1, '', '2018-12-25', 0, '', '2019-01-07 19:31:06', 1),
(1094, 20, '', '2018-12-25', 0, '', '2019-01-07 19:31:06', 1),
(1095, 7, '', '2018-12-25', 0, '', '2019-01-07 19:31:06', 1),
(1096, 10, '', '2018-12-25', 0, '', '2019-01-07 19:31:06', 1),
(1097, 23, '', '2018-12-25', 0, '', '2019-01-07 19:31:06', 1),
(1098, 12, '', '2018-12-25', 0, '', '2019-01-07 19:31:06', 1),
(1099, 16, '', '2018-12-25', 0, '', '2019-01-07 19:31:06', 1),
(1100, 21, '', '2018-12-25', 0, '', '2019-01-07 19:31:06', 1),
(1101, 9, '', '2018-12-25', 0, '', '2019-01-07 19:31:06', 1),
(1102, 14, '', '2018-12-25', 0, '', '2019-01-07 19:31:07', 1),
(1103, 13, '', '2018-12-25', 0, '', '2019-01-07 19:31:07', 1),
(1104, 5, '', '2018-12-25', 0, '', '2019-01-07 19:31:07', 1),
(1105, 27, '', '2018-12-25', 0, '', '2019-01-07 19:31:07', 1),
(1106, 4, '', '2018-12-25', 0, '', '2019-01-07 19:31:07', 1),
(1107, 18, '', '2018-12-25', 0, '', '2019-01-07 19:31:07', 1),
(1108, 11, '', '2018-12-25', 0, '', '2019-01-07 19:31:07', 1),
(1109, 28, '', '2018-12-26', 0, '', '2019-01-07 19:38:08', 1),
(1110, 2, '', '2018-12-26', 0, '', '2019-01-07 19:38:08', 1),
(1111, 22, '', '2018-12-26', 0, '', '2019-01-07 19:38:08', 1),
(1112, 26, '', '2018-12-26', 0, '', '2019-01-07 19:38:08', 1),
(1113, 19, '', '2018-12-26', 0, '', '2019-01-07 19:38:08', 1),
(1114, 29, '', '2018-12-26', 0, '', '2019-01-07 19:38:08', 1),
(1115, 8, '', '2018-12-26', 0, '', '2019-01-07 19:38:08', 1),
(1116, 15, '', '2018-12-26', 0, '', '2019-01-07 19:38:08', 1),
(1117, 6, '', '2018-12-26', 0, '', '2019-01-07 19:38:08', 1),
(1118, 25, '', '2018-12-26', 0, '', '2019-01-07 19:38:08', 1),
(1119, 3, '', '2018-12-26', 0, '', '2019-01-07 19:38:08', 1),
(1120, 24, '', '2018-12-26', 0, '', '2019-01-07 19:38:08', 1),
(1121, 17, '', '2018-12-26', 0, '', '2019-01-07 19:38:08', 1),
(1122, 1, '', '2018-12-26', 0, '', '2019-01-07 19:38:09', 1),
(1123, 20, '', '2018-12-26', 0, '', '2019-01-07 19:38:09', 1),
(1124, 7, '', '2018-12-26', 0, '', '2019-01-07 19:38:09', 1),
(1125, 10, '', '2018-12-26', 0, '', '2019-01-07 19:38:09', 1),
(1126, 23, '', '2018-12-26', 0, '', '2019-01-07 19:38:09', 1),
(1127, 12, '', '2018-12-26', 0, '', '2019-01-07 19:38:09', 1),
(1128, 16, '', '2018-12-26', 0, '', '2019-01-07 19:38:09', 1),
(1129, 21, '', '2018-12-26', 0, '', '2019-01-07 19:38:09', 1),
(1130, 9, '', '2018-12-26', 0, '', '2019-01-07 19:38:09', 1),
(1131, 14, '', '2018-12-26', 0, '', '2019-01-07 19:38:09', 1),
(1132, 13, '', '2018-12-26', 0, '', '2019-01-07 19:38:09', 1),
(1133, 5, '', '2018-12-26', 0, '', '2019-01-07 19:38:09', 1),
(1134, 27, '', '2018-12-26', 0, '', '2019-01-07 19:38:09', 1),
(1135, 4, '', '2018-12-26', 0, '', '2019-01-07 19:38:09', 1),
(1136, 18, '', '2018-12-26', 0, '', '2019-01-07 19:38:09', 1),
(1137, 11, '', '2018-12-26', 0, '', '2019-01-07 19:38:09', 1),
(1138, 28, '', '2018-12-27', 0, '', '2019-01-07 19:43:06', 1),
(1139, 2, '', '2018-12-27', 0, '', '2019-01-07 19:43:06', 1),
(1140, 22, '', '2018-12-27', 0, '', '2019-01-07 19:43:06', 1),
(1141, 26, '', '2018-12-27', 0, '', '2019-01-07 19:43:06', 1),
(1142, 19, '', '2018-12-27', 0, '', '2019-01-07 19:43:06', 1),
(1143, 29, '', '2018-12-27', 0, '', '2019-01-07 19:43:07', 1),
(1144, 8, '', '2018-12-27', 0, '', '2019-01-07 19:43:07', 1),
(1145, 15, '', '2018-12-27', 0, '', '2019-01-07 19:43:07', 1),
(1146, 6, '', '2018-12-27', 0, '', '2019-01-07 19:43:07', 1),
(1147, 25, '', '2018-12-27', 0, '', '2019-01-07 19:43:07', 1),
(1148, 3, '', '2018-12-27', 0, '', '2019-01-07 19:43:07', 1),
(1149, 24, '', '2018-12-27', 0, '', '2019-01-07 19:43:07', 1),
(1150, 17, '', '2018-12-27', 0, '', '2019-01-07 19:43:07', 1),
(1151, 1, '', '2018-12-27', 0, '', '2019-01-07 19:43:07', 1),
(1152, 20, '', '2018-12-27', 0, '', '2019-01-07 19:43:07', 1),
(1153, 7, '', '2018-12-27', 0, '', '2019-01-07 19:43:07', 1),
(1154, 10, '', '2018-12-27', 0, '', '2019-01-07 19:43:07', 1),
(1155, 23, '', '2018-12-27', 0, '', '2019-01-07 19:43:07', 1),
(1156, 12, '', '2018-12-27', 0, '', '2019-01-07 19:43:07', 1),
(1157, 16, '', '2018-12-27', 0, '', '2019-01-07 19:43:07', 1),
(1158, 21, '', '2018-12-27', 0, '', '2019-01-07 19:43:07', 1),
(1159, 9, '', '2018-12-27', 0, '', '2019-01-07 19:43:07', 1),
(1160, 14, '', '2018-12-27', 0, '', '2019-01-07 19:43:07', 1),
(1161, 13, '', '2018-12-27', 0, '', '2019-01-07 19:43:07', 1),
(1162, 5, '', '2018-12-27', 0, '', '2019-01-07 19:43:07', 1),
(1163, 27, '', '2018-12-27', 0, '', '2019-01-07 19:43:07', 1),
(1164, 4, '', '2018-12-27', 0, '', '2019-01-07 19:43:07', 1),
(1165, 18, '', '2018-12-27', 0, '', '2019-01-07 19:43:07', 1),
(1166, 11, '', '2018-12-27', 0, '', '2019-01-07 19:43:07', 1),
(1167, 28, '', '2018-12-28', 0, '', '2019-01-07 19:57:05', 1),
(1168, 2, '', '2018-12-28', 0, '', '2019-01-07 19:57:05', 1),
(1169, 22, '', '2018-12-28', 0, '', '2019-01-07 19:57:05', 1),
(1170, 26, '', '2018-12-28', 0, '', '2019-01-07 19:57:05', 1),
(1171, 19, '', '2018-12-28', 0, '', '2019-01-07 19:57:05', 1),
(1172, 29, '', '2018-12-28', 0, '', '2019-01-07 19:57:05', 1),
(1173, 8, '', '2018-12-28', 0, '', '2019-01-07 19:57:05', 1),
(1174, 15, '', '2018-12-28', 0, '', '2019-01-07 19:57:05', 1),
(1175, 6, '', '2018-12-28', 0, '', '2019-01-07 19:57:05', 1),
(1176, 25, '', '2018-12-28', 0, '', '2019-01-07 19:57:05', 1),
(1177, 3, '', '2018-12-28', 0, '', '2019-01-07 19:57:05', 1),
(1178, 24, '', '2018-12-28', 0, '', '2019-01-07 19:57:05', 1),
(1179, 17, '', '2018-12-28', 0, '', '2019-01-07 19:57:06', 1),
(1180, 1, '', '2018-12-28', 0, '', '2019-01-07 19:57:06', 1),
(1181, 20, '', '2018-12-28', 0, '', '2019-01-07 19:57:06', 1),
(1182, 7, '', '2018-12-28', 0, '', '2019-01-07 19:57:06', 1),
(1183, 10, '', '2018-12-28', 0, '', '2019-01-07 19:57:06', 1),
(1184, 23, '', '2018-12-28', 0, '', '2019-01-07 19:57:06', 1),
(1185, 12, '', '2018-12-28', 0, '', '2019-01-07 19:57:06', 1),
(1186, 16, '', '2018-12-28', 0, '', '2019-01-07 19:57:06', 1),
(1187, 21, '', '2018-12-28', 0, '', '2019-01-07 19:57:06', 1),
(1188, 9, '', '2018-12-28', 0, '', '2019-01-07 19:57:06', 1),
(1189, 14, '', '2018-12-28', 0, '', '2019-01-07 19:57:06', 1),
(1190, 13, '', '2018-12-28', 0, '', '2019-01-07 19:57:06', 1),
(1191, 5, '', '2018-12-28', 0, '', '2019-01-07 19:57:06', 1),
(1192, 27, '', '2018-12-28', 0, '', '2019-01-07 19:57:06', 1),
(1193, 4, '', '2018-12-28', 0, '', '2019-01-07 19:57:06', 1),
(1194, 18, '', '2018-12-28', 0, '', '2019-01-07 19:57:06', 1),
(1195, 11, '', '2018-12-28', 0, '', '2019-01-07 19:57:06', 1),
(1196, 28, '', '2018-12-29', 0, '', '2019-01-07 20:02:23', 1),
(1197, 2, '', '2018-12-29', 0, '', '2019-01-07 20:02:23', 1),
(1198, 22, '', '2018-12-29', 0, '', '2019-01-07 20:02:23', 1),
(1199, 26, '', '2018-12-29', 0, '', '2019-01-07 20:02:23', 1),
(1200, 19, '', '2018-12-29', 0, '', '2019-01-07 20:02:24', 1),
(1201, 29, '', '2018-12-29', 0, '', '2019-01-07 20:02:24', 1),
(1202, 8, '', '2018-12-29', 0, '', '2019-01-07 20:02:24', 1),
(1203, 15, '', '2018-12-29', 0, '', '2019-01-07 20:02:24', 1),
(1204, 6, '', '2018-12-29', 0, '', '2019-01-07 20:02:24', 1),
(1205, 25, '', '2018-12-29', 0, '', '2019-01-07 20:02:24', 1),
(1206, 3, '', '2018-12-29', 0, '', '2019-01-07 20:02:24', 1),
(1207, 24, '', '2018-12-29', 0, '', '2019-01-07 20:02:24', 1),
(1208, 17, '', '2018-12-29', 0, '', '2019-01-07 20:02:24', 1),
(1209, 1, '', '2018-12-29', 0, '', '2019-01-07 20:02:24', 1),
(1210, 20, '', '2018-12-29', 0, '', '2019-01-07 20:02:24', 1),
(1211, 7, '', '2018-12-29', 0, '', '2019-01-07 20:02:24', 1),
(1212, 10, '', '2018-12-29', 0, '', '2019-01-07 20:02:24', 1),
(1213, 23, '', '2018-12-29', 0, '', '2019-01-07 20:02:24', 1),
(1214, 12, '', '2018-12-29', 0, '', '2019-01-07 20:02:24', 1),
(1215, 16, '', '2018-12-29', 0, '', '2019-01-07 20:02:24', 1),
(1216, 21, '', '2018-12-29', 0, '', '2019-01-07 20:02:24', 1),
(1217, 9, '', '2018-12-29', 0, '', '2019-01-07 20:02:24', 1),
(1218, 14, '', '2018-12-29', 0, '', '2019-01-07 20:02:24', 1),
(1219, 13, '', '2018-12-29', 0, '', '2019-01-07 20:02:24', 1),
(1220, 5, '', '2018-12-29', 0, '', '2019-01-07 20:02:24', 1),
(1221, 27, '', '2018-12-29', 0, '', '2019-01-07 20:02:24', 1),
(1222, 4, '', '2018-12-29', 0, '', '2019-01-07 20:02:24', 1),
(1223, 18, '', '2018-12-29', 0, '', '2019-01-07 20:02:24', 1),
(1224, 11, '', '2018-12-29', 0, '', '2019-01-07 20:02:24', 1),
(1225, 30, '', '2018-11-12', 0, '', '2019-01-07 20:04:10', 1),
(1226, 30, '', '2018-11-13', 0, '', '2019-01-07 20:04:34', 1),
(1227, 30, '', '2018-11-14', 0, '', '2019-01-07 20:04:50', 1),
(1228, 30, '', '2018-11-15', 0, '', '2019-01-07 20:05:10', 1),
(1229, 30, '', '2018-11-16', 0, '', '2019-01-07 20:05:43', 1),
(1230, 30, '', '2018-11-17', 0, '', '2019-01-07 20:06:26', 1),
(1231, 30, '', '2018-11-19', 0, '', '2019-01-07 20:07:00', 1),
(1232, 30, '', '2018-11-20', 0, '', '2019-01-07 20:07:15', 1),
(1233, 30, '', '2018-11-21', 0, '', '2019-01-07 20:09:56', 1),
(1234, 30, '', '2018-11-22', 0, '', '2019-01-07 20:10:54', 1),
(1235, 30, '', '2018-11-23', 0, '', '2019-01-07 20:12:10', 1),
(1236, 30, '', '2018-11-24', 0, '', '2019-01-07 20:12:27', 1),
(1237, 30, '', '2018-11-26', 0, '', '2019-01-07 20:13:09', 1),
(1238, 30, '', '2018-11-27', 0, '', '2019-01-07 20:13:27', 1),
(1239, 30, '', '2018-11-28', 0, '', '2019-01-07 20:14:16', 1),
(1240, 30, '', '2018-11-29', 0, '', '2019-01-07 20:14:53', 1),
(1241, 30, '', '2018-11-30', 0, '', '2019-01-07 20:16:19', 1),
(1242, 30, '', '2018-12-01', 0, '', '2019-01-07 20:17:05', 1),
(1243, 30, '', '2018-12-03', 0, '', '2019-01-07 20:17:23', 1),
(1244, 30, '', '2018-12-04', 0, '', '2019-01-07 20:17:46', 1),
(1245, 30, '', '2018-12-05', 0, '', '2019-01-07 20:18:06', 1),
(1246, 30, '', '2018-12-06', 0, '', '2019-01-07 20:22:16', 1),
(1247, 30, '', '2018-12-07', 0, '', '2019-01-07 20:23:10', 1),
(1248, 30, '', '2018-12-08', 0, '', '2019-01-07 20:23:30', 1),
(1249, 30, '', '2018-12-10', 0, '', '2019-01-07 20:24:45', 1),
(1250, 30, '', '2018-12-11', 0, '', '2019-01-07 20:25:54', 1),
(1251, 28, '', '2018-12-12', 0, '', '2019-01-07 20:30:55', 1),
(1252, 2, '', '2018-12-12', 0, '', '2019-01-07 20:30:55', 1),
(1253, 22, '', '2018-12-12', 0, '', '2019-01-07 20:30:55', 1),
(1254, 26, '', '2018-12-12', 0, '', '2019-01-07 20:30:55', 1),
(1255, 19, '', '2018-12-12', 0, '', '2019-01-07 20:30:55', 1),
(1256, 29, '', '2018-12-12', 0, '', '2019-01-07 20:30:55', 1),
(1257, 30, '', '2018-12-12', 0, '', '2019-01-07 20:30:55', 1),
(1258, 8, '', '2018-12-12', 0, '', '2019-01-07 20:30:55', 1),
(1259, 15, '', '2018-12-12', 0, '', '2019-01-07 20:30:56', 1),
(1260, 6, '', '2018-12-12', 0, '', '2019-01-07 20:30:56', 1),
(1261, 25, '', '2018-12-12', 0, '', '2019-01-07 20:30:56', 1),
(1262, 3, '', '2018-12-12', 0, '', '2019-01-07 20:30:56', 1),
(1263, 24, '', '2018-12-12', 0, '', '2019-01-07 20:30:56', 1),
(1264, 17, '', '2018-12-12', 0, '', '2019-01-07 20:30:56', 1),
(1265, 1, '', '2018-12-12', 0, '', '2019-01-07 20:30:56', 1),
(1266, 20, '', '2018-12-12', 0, '', '2019-01-07 20:30:56', 1),
(1267, 7, '', '2018-12-12', 0, '', '2019-01-07 20:30:56', 1),
(1268, 10, '', '2018-12-12', 0, '', '2019-01-07 20:30:56', 1),
(1269, 23, '', '2018-12-12', 0, '', '2019-01-07 20:30:56', 1),
(1270, 12, '', '2018-12-12', 0, '', '2019-01-07 20:30:56', 1),
(1271, 16, '', '2018-12-12', 0, '', '2019-01-07 20:30:56', 1),
(1272, 21, '', '2018-12-12', 0, '', '2019-01-07 20:30:56', 1),
(1273, 9, '', '2018-12-12', 0, '', '2019-01-07 20:30:56', 1),
(1274, 14, '', '2018-12-12', 0, '', '2019-01-07 20:30:56', 1),
(1275, 13, '', '2018-12-12', 0, '', '2019-01-07 20:30:56', 1),
(1276, 5, '', '2018-12-12', 0, '', '2019-01-07 20:30:56', 1),
(1277, 27, '', '2018-12-12', 0, '', '2019-01-07 20:30:56', 1),
(1278, 4, '', '2018-12-12', 0, '', '2019-01-07 20:30:56', 1),
(1279, 18, '', '2018-12-12', 0, '', '2019-01-07 20:30:56', 1),
(1280, 11, '', '2018-12-12', 0, '', '2019-01-07 20:30:56', 1),
(1281, 30, '', '2018-12-13', 0, '', '2019-01-07 20:31:13', 1),
(1282, 30, '', '2018-12-14', 0, '', '2019-01-07 20:31:48', 1),
(1283, 30, '', '2018-12-15', 0, '', '2019-01-07 20:32:03', 1),
(1284, 30, '', '2018-12-17', 0, '', '2019-01-07 20:32:29', 1),
(1285, 30, '', '2018-12-18', 0, '', '2019-01-07 20:32:56', 1),
(1286, 30, '', '2018-12-20', 0, '', '2019-01-07 20:33:32', 1),
(1287, 30, '', '2018-12-21', 0, '', '2019-01-07 20:34:15', 1),
(1288, 30, '', '2018-12-22', 0, '', '2019-01-07 20:35:12', 1),
(1289, 30, '', '2018-12-24', 0, '', '2019-01-07 20:35:30', 1),
(1290, 30, '', '2018-12-25', 0, '', '2019-01-07 20:35:47', 1),
(1291, 30, '', '2018-12-26', 0, '', '2019-01-07 20:36:03', 1),
(1292, 30, '', '2018-12-27', 0, '', '2019-01-07 20:36:23', 1),
(1293, 30, '', '2018-12-28', 0, '', '2019-01-07 20:37:11', 1),
(1294, 30, '', '2018-12-29', 0, '', '2019-01-07 20:37:27', 1),
(1295, 28, '', '2018-12-31', 0, '', '2019-01-07 20:37:48', 1),
(1296, 2, '', '2018-12-31', 0, '', '2019-01-07 20:37:48', 1),
(1297, 22, '', '2018-12-31', 0, '', '2019-01-07 20:37:48', 1),
(1298, 26, '', '2018-12-31', 0, '', '2019-01-07 20:37:48', 1),
(1299, 19, '', '2018-12-31', 0, '', '2019-01-07 20:37:48', 1),
(1300, 29, '', '2018-12-31', 0, '', '2019-01-07 20:37:48', 1),
(1301, 30, '', '2018-12-31', 0, '', '2019-01-07 20:37:48', 1),
(1302, 8, '', '2018-12-31', 0, '', '2019-01-07 20:37:48', 1),
(1303, 15, '', '2018-12-31', 0, '', '2019-01-07 20:37:48', 1),
(1304, 6, '', '2018-12-31', 0, '', '2019-01-07 20:37:48', 1),
(1305, 25, '', '2018-12-31', 0, '', '2019-01-07 20:37:48', 1),
(1306, 3, '', '2018-12-31', 0, '', '2019-01-07 20:37:48', 1),
(1307, 24, '', '2018-12-31', 0, '', '2019-01-07 20:37:48', 1),
(1308, 17, '', '2018-12-31', 0, '', '2019-01-07 20:37:48', 1),
(1309, 1, '', '2018-12-31', 0, '', '2019-01-07 20:37:48', 1),
(1310, 20, '', '2018-12-31', 0, '', '2019-01-07 20:37:48', 1),
(1311, 7, '', '2018-12-31', 0, '', '2019-01-07 20:37:48', 1),
(1312, 10, '', '2018-12-31', 0, '', '2019-01-07 20:37:48', 1),
(1313, 23, '', '2018-12-31', 0, '', '2019-01-07 20:37:48', 1),
(1314, 12, '', '2018-12-31', 0, '', '2019-01-07 20:37:48', 1),
(1315, 16, '', '2018-12-31', 0, '', '2019-01-07 20:37:48', 1),
(1316, 21, '', '2018-12-31', 0, '', '2019-01-07 20:37:48', 1),
(1317, 9, '', '2018-12-31', 0, '', '2019-01-07 20:37:48', 1),
(1318, 14, '', '2018-12-31', 0, '', '2019-01-07 20:37:48', 1),
(1319, 13, '', '2018-12-31', 0, '', '2019-01-07 20:37:48', 1),
(1320, 5, '', '2018-12-31', 0, '', '2019-01-07 20:37:48', 1),
(1321, 27, '', '2018-12-31', 0, '', '2019-01-07 20:37:48', 1),
(1322, 4, '', '2018-12-31', 0, '', '2019-01-07 20:37:48', 1),
(1323, 18, '', '2018-12-31', 0, '', '2019-01-07 20:37:48', 1),
(1324, 11, '', '2018-12-31', 0, '', '2019-01-07 20:37:48', 1),
(1325, 28, '', '2019-01-01', 0, '', '2019-01-07 20:39:17', 1),
(1326, 2, '', '2019-01-01', 0, '', '2019-01-07 20:39:17', 1),
(1327, 22, '', '2019-01-01', 0, '', '2019-01-07 20:39:17', 1),
(1328, 26, '', '2019-01-01', 0, '', '2019-01-07 20:39:17', 1),
(1329, 19, '', '2019-01-01', 0, '', '2019-01-07 20:39:17', 1),
(1330, 29, '', '2019-01-01', 0, '', '2019-01-07 20:39:17', 1),
(1331, 30, '', '2019-01-01', 0, '', '2019-01-07 20:39:17', 1),
(1332, 8, '', '2019-01-01', 0, '', '2019-01-07 20:39:17', 1),
(1333, 15, '', '2019-01-01', 0, '', '2019-01-07 20:39:17', 1),
(1334, 6, '', '2019-01-01', 0, '', '2019-01-07 20:39:17', 1),
(1335, 25, '', '2019-01-01', 0, '', '2019-01-07 20:39:17', 1),
(1336, 3, '', '2019-01-01', 0, '', '2019-01-07 20:39:17', 1),
(1337, 24, '', '2019-01-01', 0, '', '2019-01-07 20:39:17', 1),
(1338, 17, '', '2019-01-01', 0, '', '2019-01-07 20:39:17', 1),
(1339, 1, '', '2019-01-01', 0, '', '2019-01-07 20:39:17', 1),
(1340, 20, '', '2019-01-01', 0, '', '2019-01-07 20:39:17', 1),
(1341, 7, '', '2019-01-01', 0, '', '2019-01-07 20:39:17', 1),
(1342, 10, '', '2019-01-01', 0, '', '2019-01-07 20:39:17', 1),
(1343, 23, '', '2019-01-01', 0, '', '2019-01-07 20:39:17', 1),
(1344, 12, '', '2019-01-01', 0, '', '2019-01-07 20:39:17', 1),
(1345, 16, '', '2019-01-01', 0, '', '2019-01-07 20:39:17', 1),
(1346, 21, '', '2019-01-01', 0, '', '2019-01-07 20:39:17', 1),
(1347, 9, '', '2019-01-01', 0, '', '2019-01-07 20:39:17', 1),
(1348, 14, '', '2019-01-01', 0, '', '2019-01-07 20:39:17', 1),
(1349, 13, '', '2019-01-01', 0, '', '2019-01-07 20:39:17', 1),
(1350, 5, '', '2019-01-01', 0, '', '2019-01-07 20:39:17', 1),
(1351, 27, '', '2019-01-01', 0, '', '2019-01-07 20:39:17', 1),
(1352, 4, '', '2019-01-01', 0, '', '2019-01-07 20:39:17', 1),
(1353, 18, '', '2019-01-01', 0, '', '2019-01-07 20:39:17', 1),
(1354, 11, '', '2019-01-01', 0, '', '2019-01-07 20:39:17', 1),
(1355, 28, '', '2019-01-02', 0, '', '2019-01-07 20:39:32', 1),
(1356, 2, '', '2019-01-02', 0, '', '2019-01-07 20:39:32', 1),
(1357, 22, '', '2019-01-02', 0, '', '2019-01-07 20:39:32', 1),
(1358, 26, '', '2019-01-02', 0, '', '2019-01-07 20:39:32', 1),
(1359, 19, '', '2019-01-02', 0, '', '2019-01-07 20:39:32', 1),
(1360, 29, '', '2019-01-02', 0, '', '2019-01-07 20:39:32', 1),
(1361, 30, '', '2019-01-02', 0, '', '2019-01-07 20:39:32', 1),
(1362, 8, '', '2019-01-02', 0, '', '2019-01-07 20:39:32', 1),
(1363, 15, '', '2019-01-02', 0, '', '2019-01-07 20:39:32', 1),
(1364, 6, '', '2019-01-02', 0, '', '2019-01-07 20:39:32', 1),
(1365, 25, '', '2019-01-02', 0, '', '2019-01-07 20:39:32', 1),
(1366, 3, '', '2019-01-02', 0, '', '2019-01-07 20:39:32', 1),
(1367, 24, '', '2019-01-02', 0, '', '2019-01-07 20:39:32', 1),
(1368, 17, '', '2019-01-02', 0, '', '2019-01-07 20:39:32', 1),
(1369, 1, '', '2019-01-02', 0, '', '2019-01-07 20:39:32', 1),
(1370, 20, '', '2019-01-02', 0, '', '2019-01-07 20:39:32', 1),
(1371, 7, '', '2019-01-02', 0, '', '2019-01-07 20:39:32', 1),
(1372, 10, '', '2019-01-02', 0, '', '2019-01-07 20:39:32', 1),
(1373, 23, '', '2019-01-02', 0, '', '2019-01-07 20:39:32', 1),
(1374, 12, '', '2019-01-02', 0, '', '2019-01-07 20:39:32', 1),
(1375, 16, '', '2019-01-02', 0, '', '2019-01-07 20:39:32', 1),
(1376, 21, '', '2019-01-02', 0, '', '2019-01-07 20:39:32', 1),
(1377, 9, '', '2019-01-02', 0, '', '2019-01-07 20:39:32', 1),
(1378, 14, '', '2019-01-02', 0, '', '2019-01-07 20:39:32', 1),
(1379, 13, '', '2019-01-02', 0, '', '2019-01-07 20:39:32', 1),
(1380, 5, '', '2019-01-02', 0, '', '2019-01-07 20:39:32', 1),
(1381, 27, '', '2019-01-02', 0, '', '2019-01-07 20:39:32', 1),
(1382, 4, '', '2019-01-02', 0, '', '2019-01-07 20:39:32', 1),
(1383, 18, '', '2019-01-02', 0, '', '2019-01-07 20:39:32', 1),
(1384, 11, '', '2019-01-02', 0, '', '2019-01-07 20:39:32', 1),
(1385, 28, '', '2019-01-03', 0, '', '2019-01-07 20:41:16', 1),
(1386, 2, '', '2019-01-03', 0, '', '2019-01-07 20:41:16', 1),
(1387, 22, '', '2019-01-03', 0, '', '2019-01-07 20:41:17', 1),
(1388, 26, '', '2019-01-03', 0, '', '2019-01-07 20:41:17', 1),
(1389, 19, '', '2019-01-03', 0, '', '2019-01-07 20:41:17', 1),
(1390, 29, '', '2019-01-03', 0, '', '2019-01-07 20:41:17', 1),
(1391, 30, '', '2019-01-03', 0, '', '2019-01-07 20:41:17', 1),
(1392, 8, '', '2019-01-03', 0, '', '2019-01-07 20:41:17', 1),
(1393, 15, '', '2019-01-03', 0, '', '2019-01-07 20:41:17', 1),
(1394, 6, '', '2019-01-03', 0, '', '2019-01-07 20:41:17', 1),
(1395, 25, '', '2019-01-03', 0, '', '2019-01-07 20:41:17', 1),
(1396, 3, '', '2019-01-03', 0, '', '2019-01-07 20:41:17', 1),
(1397, 24, '', '2019-01-03', 0, '', '2019-01-07 20:41:17', 1),
(1398, 17, '', '2019-01-03', 0, '', '2019-01-07 20:41:17', 1),
(1399, 1, '', '2019-01-03', 0, '', '2019-01-07 20:41:17', 1),
(1400, 20, '', '2019-01-03', 0, '', '2019-01-07 20:41:17', 1),
(1401, 7, '', '2019-01-03', 0, '', '2019-01-07 20:41:17', 1),
(1402, 10, '', '2019-01-03', 0, '', '2019-01-07 20:41:17', 1),
(1403, 23, '', '2019-01-03', 0, '', '2019-01-07 20:41:17', 1),
(1404, 12, '', '2019-01-03', 0, '', '2019-01-07 20:41:17', 1),
(1405, 16, '', '2019-01-03', 0, '', '2019-01-07 20:41:17', 1),
(1406, 21, '', '2019-01-03', 0, '', '2019-01-07 20:41:17', 1),
(1407, 9, '', '2019-01-03', 0, '', '2019-01-07 20:41:17', 1),
(1408, 14, '', '2019-01-03', 0, '', '2019-01-07 20:41:17', 1),
(1409, 13, '', '2019-01-03', 0, '', '2019-01-07 20:41:17', 1),
(1410, 5, '', '2019-01-03', 0, '', '2019-01-07 20:41:17', 1),
(1411, 27, '', '2019-01-03', 0, '', '2019-01-07 20:41:17', 1),
(1412, 4, '', '2019-01-03', 0, '', '2019-01-07 20:41:17', 1),
(1413, 18, '', '2019-01-03', 0, '', '2019-01-07 20:41:17', 1),
(1414, 11, '', '2019-01-03', 0, '', '2019-01-07 20:41:17', 1),
(1415, 28, '', '2019-11-24', 0, '', '2019-01-13 16:33:56', 1),
(1416, 2, '1.5', '2019-11-24', 1, '', '2019-01-13 16:33:56', 1),
(1417, 22, '', '2019-11-24', 0, '', '2019-01-13 16:33:56', 1),
(1418, 26, '', '2019-11-24', 0, '', '2019-01-13 16:33:56', 1),
(1419, 19, '1', '2019-11-24', 1, '', '2019-01-13 16:33:56', 1),
(1420, 29, '', '2019-11-24', 0, '', '2019-01-13 16:33:56', 1),
(1421, 30, '', '2019-11-24', 0, '', '2019-01-13 16:33:56', 1),
(1422, 8, '1.5', '2019-11-24', 1, '', '2019-01-13 16:33:56', 1),
(1423, 15, '1.5', '2019-11-24', 1, '', '2019-01-13 16:33:56', 1),
(1424, 6, '2', '2019-11-24', 1, '', '2019-01-13 16:33:56', 1),
(1425, 25, '', '2019-11-24', 0, '', '2019-01-13 16:33:56', 1),
(1426, 3, '1.5', '2019-11-24', 1, '', '2019-01-13 16:33:56', 1),
(1427, 24, '', '2019-11-24', 0, '', '2019-01-13 16:33:56', 1),
(1428, 17, '1.5', '2019-11-24', 1, '', '2019-01-13 16:33:56', 1),
(1429, 1, '1.5', '2019-11-24', 1, '', '2019-01-13 16:33:56', 1),
(1430, 20, '1.5', '2019-11-24', 1, '', '2019-01-13 16:33:56', 1),
(1431, 7, '2', '2019-11-24', 1, '', '2019-01-13 16:33:56', 1),
(1432, 10, '', '2019-11-24', 0, '', '2019-01-13 16:33:57', 1),
(1433, 23, '', '2019-11-24', 0, '', '2019-01-13 16:33:57', 1),
(1434, 12, '', '2019-11-24', 0, '', '2019-01-13 16:33:57', 1),
(1435, 16, '1.5', '2019-11-24', 1, '', '2019-01-13 16:33:57', 1),
(1436, 21, '1.5', '2019-11-24', 1, '', '2019-01-13 16:33:57', 1),
(1437, 9, '1.5', '2019-11-24', 1, '', '2019-01-13 16:33:57', 1),
(1438, 14, '1.5', '2019-11-24', 1, '', '2019-01-13 16:33:57', 1),
(1439, 13, '1.5', '2019-11-24', 1, '', '2019-01-13 16:33:57', 1),
(1440, 5, '', '2019-11-24', 0, '', '2019-01-13 16:33:57', 1),
(1441, 27, '', '2019-11-24', 0, '', '2019-01-13 16:33:57', 1),
(1442, 4, '1.5', '2019-11-24', 1, '', '2019-01-13 16:33:57', 1),
(1443, 18, '1.5', '2019-11-24', 1, '', '2019-01-13 16:33:57', 1),
(1444, 11, '1.5', '2019-11-24', 1, '', '2019-01-13 16:33:57', 1),
(1445, 28, '', '1970-01-01', 0, '', '2019-01-29 12:00:59', 1),
(1446, 2, '1.5', '1970-01-01', 1, '', '2019-01-29 12:00:59', 1),
(1447, 22, '', '1970-01-01', 0, '', '2019-01-29 12:00:59', 1),
(1448, 26, '', '1970-01-01', 0, '', '2019-01-29 12:00:59', 1),
(1449, 19, '1.5', '1970-01-01', 1, '', '2019-01-29 12:00:59', 1),
(1450, 29, '', '1970-01-01', 0, '', '2019-01-29 12:00:59', 1),
(1451, 30, '', '1970-01-01', 0, '', '2019-01-29 12:00:59', 1),
(1452, 8, '1.5', '1970-01-01', 1, '', '2019-01-29 12:00:59', 1),
(1453, 15, '1.5', '1970-01-01', 1, '', '2019-01-29 12:00:59', 1),
(1454, 6, '2', '1970-01-01', 1, '', '2019-01-29 12:01:00', 1),
(1455, 25, '', '1970-01-01', 0, '', '2019-01-29 12:01:00', 1),
(1456, 3, '', '1970-01-01', 0, '', '2019-01-29 12:01:00', 1),
(1457, 24, '', '1970-01-01', 0, '', '2019-01-29 12:01:00', 1),
(1458, 17, '1.5', '1970-01-01', 1, '', '2019-01-29 12:01:00', 1),
(1459, 1, '1.5', '1970-01-01', 1, '', '2019-01-29 12:01:00', 1),
(1460, 20, '1.5', '1970-01-01', 1, '', '2019-01-29 12:01:00', 1),
(1461, 7, '2', '1970-01-01', 1, '', '2019-01-29 12:01:00', 1),
(1462, 10, '', '1970-01-01', 0, '', '2019-01-29 12:01:00', 1),
(1463, 23, '', '1970-01-01', 0, '', '2019-01-29 12:01:00', 1),
(1464, 12, '', '1970-01-01', 0, '', '2019-01-29 12:01:00', 1),
(1465, 16, '1.5', '1970-01-01', 1, '', '2019-01-29 12:01:00', 1),
(1466, 21, '1.5', '1970-01-01', 1, '', '2019-01-29 12:01:00', 1),
(1467, 9, '1.5', '1970-01-01', 1, '', '2019-01-29 12:01:00', 1),
(1468, 14, '1.5', '1970-01-01', 1, '', '2019-01-29 12:01:00', 1),
(1469, 13, '1.5', '1970-01-01', 1, '', '2019-01-29 12:01:00', 1),
(1470, 5, '', '1970-01-01', 0, '', '2019-01-29 12:01:00', 1),
(1471, 27, '', '1970-01-01', 0, '', '2019-01-29 12:01:00', 1),
(1472, 4, '1.5', '1970-01-01', 1, '', '2019-01-29 12:01:00', 1),
(1473, 18, '1.5', '1970-01-01', 1, '', '2019-01-29 12:01:00', 1),
(1474, 11, '1.5', '1970-01-01', 1, '', '2019-01-29 12:01:00', 1),
(1475, 28, '', '2019-01-30', 0, '', '2019-01-29 19:22:22', 1),
(1476, 2, '1.5', '2019-01-30', 1, '', '2019-01-29 19:22:22', 1),
(1477, 22, '', '2019-01-30', 0, '', '2019-01-29 19:22:22', 1),
(1478, 26, '', '2019-01-30', 0, '', '2019-01-29 19:22:22', 1),
(1479, 19, '1.5', '2019-01-30', 1, '', '2019-01-29 19:22:22', 1),
(1480, 29, '', '2019-01-30', 0, '', '2019-01-29 19:22:22', 1),
(1481, 30, '', '2019-01-30', 0, '', '2019-01-29 19:22:22', 1),
(1482, 8, '1.5', '2019-01-30', 1, '', '2019-01-29 19:22:22', 1),
(1483, 15, '1.5', '2019-01-30', 1, '', '2019-01-29 19:22:22', 1),
(1484, 6, '1.5', '2019-01-30', 1, '', '2019-01-29 19:22:22', 1),
(1485, 25, '', '2019-01-30', 0, '', '2019-01-29 19:22:22', 1),
(1486, 3, '1.5', '2019-01-30', 1, '', '2019-01-29 19:22:22', 1),
(1487, 24, '1.5', '2019-01-30', 1, '', '2019-01-29 19:22:22', 1),
(1488, 17, '1.5', '2019-01-30', 1, '', '2019-01-29 19:22:22', 1),
(1489, 1, '1.5', '2019-01-30', 1, '', '2019-01-29 19:22:22', 1),
(1490, 20, '1.5', '2019-01-30', 1, '', '2019-01-29 19:22:22', 1),
(1491, 7, '', '2019-01-30', 0, '', '2019-01-29 19:22:22', 1),
(1492, 10, '1.5', '2019-01-30', 1, '', '2019-01-29 19:22:22', 1),
(1493, 23, '', '2019-01-30', 0, '', '2019-01-29 19:22:22', 1),
(1494, 12, '1.5', '2019-01-30', 1, '', '2019-01-29 19:22:22', 1),
(1495, 16, '1.5', '2019-01-30', 1, '', '2019-01-29 19:22:22', 1),
(1496, 21, '1.5', '2019-01-30', 1, '', '2019-01-29 19:22:22', 1),
(1497, 9, '1.5', '2019-01-30', 1, '', '2019-01-29 19:22:22', 1),
(1498, 14, '1.5', '2019-01-30', 1, '', '2019-01-29 19:22:22', 1),
(1499, 13, '1.5', '2019-01-30', 1, '', '2019-01-29 19:22:22', 1),
(1500, 5, '1.5', '2019-01-30', 1, '', '2019-01-29 19:22:22', 1),
(1501, 27, '', '2019-01-30', 0, '', '2019-01-29 19:22:22', 1),
(1502, 4, '1.5', '2019-01-30', 1, '', '2019-01-29 19:22:22', 1),
(1503, 18, '1.5', '2019-01-30', 1, '', '2019-01-29 19:22:22', 1),
(1504, 11, '1.5', '2019-01-30', 1, '', '2019-01-29 19:22:23', 1);

-- --------------------------------------------------------

--
-- Table structure for table `clients`
--

CREATE TABLE `clients` (
  `id` int(11) NOT NULL,
  `name` varchar(250) NOT NULL,
  `sitename` varchar(250) NOT NULL,
  `mobile` varchar(10) NOT NULL,
  `email` varchar(250) NOT NULL,
  `fax` varchar(20) NOT NULL,
  `landline` varchar(20) NOT NULL,
  `gstno` varchar(20) NOT NULL,
  `address` text NOT NULL,
  `city` varchar(20) NOT NULL,
  `state` varchar(20) NOT NULL,
  `pincode` varchar(10) NOT NULL,
  `created_user` int(11) NOT NULL,
  `created_date` datetime NOT NULL DEFAULT CURRENT_TIMESTAMP
) ENGINE=InnoDB DEFAULT CHARSET=latin1;

--
-- Dumping data for table `clients`
--

INSERT INTO `clients` (`id`, `name`, `sitename`, `mobile`, `email`, `fax`, `landline`, `gstno`, `address`, `city`, `state`, `pincode`, `created_user`, `created_date`) VALUES
(1, 'RMP', 'RMP IMPEX', '9894631004', '', '', '9171731007', '33AHWPM0903D2ZJ', 'S.F.No:464/4,Moogambigai Colony,Sirupooluvapatti(po),Tirupur', 'Tirupur', 'Tamilnadu', '641603', 1, '2018-12-16 14:19:16'),
(2, 'Balu', 'Sri Sivaram&Co', '9843033375', 'sivaram.gobi@gmail.com', '', '', '33ABMFS7348J1ZN', 'No.8 Municipal Complex,Opp Balu Bunk,Sathy Main Road,Gobichettipalayam', 'Erode', 'Tamilnadu', '638476', 1, '2018-12-17 14:19:40'),
(3, 'Aarumuthampalayam', 'Vijayalakshmi Textiles', '9842362022', '', '', '', '33ACPPV3275K1ZY', 'Pullavan Thottam,Sedapalayam,Palladam', 'Tirupur', 'Tamilnadu', '', 1, '2018-12-17 14:23:30'),
(4, 'Arun', 'Manikandan Hollow Bricks', '9842262515', '', '', '', '', '', '', '', '', 1, '2019-01-01 17:20:39'),
(5, 'Ashokan Ganapathipalayam(PEB)', 'asokan', '8925540779', '', '', '', '', 'Palladam Road,Ganapathipalayam,Tirupur', 'Tirupur', 'Tamilnadu', '641603', 1, '2019-01-01 17:27:25'),
(6, 'Seenu Anna', 'Kethanur', '', '', '', '', '', '', '', '', '', 1, '2019-01-01 17:57:55'),
(7, 'Thangaraj Arch Godown', 'ANR&Co', '9171731007', '', '', '', '33ACLPT4962D1ZF', 'Dharapuram', 'Tirupur', 'Tamilnadu', '', 1, '2019-01-01 18:41:49'),
(8, 'Murugesan&Co Arch Godown', 'Murugesan&Co', '', '', '', '', '33AA1FM2194B1ZM', 'Erode', 'Erode', '', '', 1, '2019-01-01 18:43:29'),
(9, 'SAP Site SKL', 'SKL Exports', '9171731007', '', '', '', '33AAVFS0265J1ZU', 'Tirupur', 'Tirupur', 'Tamilnadu', '', 1, '2019-01-01 19:35:32'),
(10, 'ssss', 'Karukankattu Pudur top', '', '', '', '', '', '', 'Avinashi', '', '', 1, '2019-01-09 15:44:57'),
(11, 'Kannan Annan (ref)Cake Shop', 'Cake Shop', '', '', '', '', '', '', '', '', '', 1, '2019-01-09 15:48:00'),
(12, 'Main Gate', 'Ram Maestri', '8012803004', '', '', '', '', '', '', '', '', 1, '2019-01-09 15:54:31'),
(13, 'Tamilselvan', 'Valayapalayam Tamil', '9578036955', '', '', '', '', 'Valayapalayam', 'Avinashi', 'Tamilnadu', '641654', 1, '2019-01-21 11:43:49'),
(14, 'Double Slope Channel Top', 'Mayilsamy cheyur', '9578036955', '', '', '', '', 'Cheyur,Near Eswaran koil', 'Cheyur', 'Tamilnadu', '', 1, '2019-01-21 11:47:03'),
(15, 'nambiur  engineer', 'grill', '8344488194', '', '', '', '', '', '', '', '', 1, '2019-01-21 12:08:41'),
(16, 'Prabhu Engineer', 'Prabhu Engineer Construction', '', '', '', '', '', '', 'Nambiyur', '', '', 1, '2019-01-22 20:28:44'),
(17, 'Balaji', 'Arivuthirukovil', '', '', '', '', '', '', 'Tirupur', '', '', 1, '2019-01-22 20:47:10'),
(18, 'RPS & Co,Erode', 'RPS & Co,Erode', '', '', '', '', '33AANFR9996F1ZG', '3,Mosuvana Lane\r\nSKC Road\r\nErode', 'Erode', 'Tamilnadu', '638001', 1, '2019-03-19 19:17:29');

-- --------------------------------------------------------

--
-- Table structure for table `expense`
--

CREATE TABLE `expense` (
  `id` int(11) NOT NULL,
  `expense_type_id` int(11) NOT NULL,
  `amount` decimal(10,3) NOT NULL,
  `expense_for_id` int(11) NOT NULL,
  `project_id` int(11) NOT NULL,
  `staff_id` int(11) NOT NULL,
  `date` date NOT NULL,
  `remarks` text NOT NULL,
  `created_user` int(11) NOT NULL,
  `created_date` datetime NOT NULL DEFAULT CURRENT_TIMESTAMP
) ENGINE=InnoDB DEFAULT CHARSET=latin1;

--
-- Dumping data for table `expense`
--

INSERT INTO `expense` (`id`, `expense_type_id`, `amount`, `expense_for_id`, `project_id`, `staff_id`, `date`, `remarks`, `created_user`, `created_date`) VALUES
(4, 1, '1000.000', 3, 2, 0, '2018-12-14', '1', 1, '2018-12-22 21:37:32'),
(5, 1, '600.000', 3, 2, 0, '2019-01-08', '', 1, '2019-01-08 21:34:36'),
(6, 1, '250.000', 3, 7, 0, '2019-01-08', '', 1, '2019-01-08 21:52:57'),
(7, 1, '400.000', 3, 10, 0, '2019-01-08', '', 1, '2019-01-08 21:53:19'),
(8, 2, '100.000', 1, 0, 14, '2019-01-08', '', 1, '2019-01-08 21:54:20'),
(9, 3, '100.000', 2, 0, 1, '2019-01-09', '', 1, '2019-01-09 15:53:15');

-- --------------------------------------------------------

--
-- Table structure for table `expense_for`
--

CREATE TABLE `expense_for` (
  `id` int(11) NOT NULL,
  `type` varchar(50) NOT NULL,
  `description` varchar(50) NOT NULL
) ENGINE=InnoDB DEFAULT CHARSET=latin1;

--
-- Dumping data for table `expense_for`
--

INSERT INTO `expense_for` (`id`, `type`, `description`) VALUES
(1, 'Staff', ''),
(2, 'Company', ''),
(3, 'Sites', '');

-- --------------------------------------------------------

--
-- Table structure for table `expense_type`
--

CREATE TABLE `expense_type` (
  `id` int(11) NOT NULL,
  `type` varchar(50) NOT NULL,
  `description` varchar(100) NOT NULL
) ENGINE=InnoDB DEFAULT CHARSET=latin1;

--
-- Dumping data for table `expense_type`
--

INSERT INTO `expense_type` (`id`, `type`, `description`) VALUES
(1, 'Food&Allowance', ''),
(2, 'Labour Advance', ''),
(3, 'Splender Petrol', ''),
(4, 'Car Diesel', ''),
(5, 'Auto Diesel', ''),
(6, 'Pickup Diesel', '');

-- --------------------------------------------------------

--
-- Table structure for table `groups`
--

CREATE TABLE `groups` (
  `id` mediumint(8) UNSIGNED NOT NULL,
  `name` varchar(20) NOT NULL,
  `description` varchar(100) NOT NULL
) ENGINE=InnoDB DEFAULT CHARSET=utf8;

--
-- Dumping data for table `groups`
--

INSERT INTO `groups` (`id`, `name`, `description`) VALUES
(1, 'admin', 'Administrator'),
(2, 'members', 'General User');

-- --------------------------------------------------------

--
-- Table structure for table `invoice`
--

CREATE TABLE `invoice` (
  `id` int(11) NOT NULL,
  `client_id` int(11) NOT NULL,
  `project_id` int(11) NOT NULL,
  `bill_no` varchar(10) NOT NULL,
  `date` date NOT NULL,
  `product_total` decimal(10,3) NOT NULL,
  `SGST` decimal(10,3) NOT NULL,
  `CGST` decimal(10,3) NOT NULL,
  `IGST` decimal(10,3) NOT NULL,
  `sub_total` decimal(10,3) NOT NULL,
  `rounded_off` decimal(10,3) NOT NULL,
  `grand_total` decimal(10,3) NOT NULL,
  `remarks` text NOT NULL,
  `created_date` datetime DEFAULT CURRENT_TIMESTAMP,
  `created_by` int(11) NOT NULL
) ENGINE=InnoDB DEFAULT CHARSET=latin1;

--
-- Dumping data for table `invoice`
--

INSERT INTO `invoice` (`id`, `client_id`, `project_id`, `bill_no`, `date`, `product_total`, `SGST`, `CGST`, `IGST`, `sub_total`, `rounded_off`, `grand_total`, `remarks`, `created_date`, `created_by`) VALUES
(1, 11, 1, '2019200001', '2019-03-03', '68310.000', '5210.100', '5210.100', '0.000', '68310.200', '-0.200', '68310.000', 'jai', '2019-03-02 20:05:44', 1),
(2, 1, 1, '2018190002', '2019-03-01', '4836.000', '435.240', '435.240', '0.000', '5706.480', '-0.480', '5706.000', '', '2019-03-02 20:43:33', 1);

-- --------------------------------------------------------

--
-- Table structure for table `invoice_group`
--

CREATE TABLE `invoice_group` (
  `id` int(11) NOT NULL,
  `invoice_id` int(11) NOT NULL,
  `product_id` int(11) NOT NULL,
  `qty` decimal(10,3) NOT NULL,
  `unit_price` decimal(10,3) NOT NULL,
  `taxable_amount` decimal(10,3) NOT NULL,
  `tax_id` int(11) NOT NULL,
  `sgst` decimal(10,3) NOT NULL,
  `cgst` decimal(10,3) NOT NULL,
  `igst` decimal(10,3) NOT NULL,
  `tax_amount` decimal(10,3) NOT NULL,
  `final_total` decimal(10,3) NOT NULL
) ENGINE=InnoDB DEFAULT CHARSET=latin1;

--
-- Dumping data for table `invoice_group`
--

INSERT INTO `invoice_group` (`id`, `invoice_id`, `product_id`, `qty`, `unit_price`, `taxable_amount`, `tax_id`, `sgst`, `cgst`, `igst`, `tax_amount`, `final_total`) VALUES
(13, 1, 1, '450.000', '57.500', '25875.000', 2, '2328.750', '2328.750', '0.000', '4657.500', '30532.500'),
(14, 1, 2, '340.000', '46.000', '15640.000', 2, '1407.600', '1407.600', '0.000', '2815.200', '18455.200'),
(15, 1, 3, '210.000', '47.500', '9975.000', 2, '897.750', '897.750', '0.000', '1795.500', '11770.500'),
(16, 1, 6, '128.000', '50.000', '6400.000', 2, '576.000', '576.000', '0.000', '1152.000', '7552.000'),
(17, 2, 10, '78.000', '62.000', '4836.000', 2, '435.240', '435.240', '0.000', '870.480', '5706.480');

-- --------------------------------------------------------

--
-- Table structure for table `login_attempts`
--

CREATE TABLE `login_attempts` (
  `id` int(11) UNSIGNED NOT NULL,
  `ip_address` varchar(15) NOT NULL,
  `login` varchar(100) NOT NULL,
  `time` int(11) UNSIGNED DEFAULT NULL
) ENGINE=InnoDB DEFAULT CHARSET=utf8;

--
-- Dumping data for table `login_attempts`
--

INSERT INTO `login_attempts` (`id`, `ip_address`, `login`, `time`) VALUES
(1, '192.168.225.25', 'admin@admin.com', 1553871877),
(2, '192.168.225.25', 'admin@admin.com', 1553871885);

-- --------------------------------------------------------

--
-- Table structure for table `mobile_number`
--

CREATE TABLE `mobile_number` (
  `id` int(11) NOT NULL,
  `name` varchar(200) NOT NULL,
  `mobile` varchar(15) NOT NULL,
  `project_id` int(11) DEFAULT NULL,
  `enquiry_id` int(11) DEFAULT NULL,
  `client_id` int(11) DEFAULT NULL
) ENGINE=InnoDB DEFAULT CHARSET=latin1;

--
-- Dumping data for table `mobile_number`
--

INSERT INTO `mobile_number` (`id`, `name`, `mobile`, `project_id`, `enquiry_id`, `client_id`) VALUES
(4, 'jai', '78945612354', 0, 3, 0),
(5, 'tamil', '789456123', 0, 3, 0),
(6, 'hdskjdh', '78987', 0, 3, 0),
(7, 'jai', '44554', 0, 1, 0),
(8, 'jai', '4566', 0, 1, 0),
(9, 'Tamilselvan', '798546', 0, 1, 0),
(10, 'Main Gate', '45646', 0, 1, 0);

-- --------------------------------------------------------

--
-- Table structure for table `mou_list`
--

CREATE TABLE `mou_list` (
  `id` int(11) NOT NULL,
  `name` varchar(50) NOT NULL,
  `unit` decimal(10,3) NOT NULL
) ENGINE=InnoDB DEFAULT CHARSET=latin1;

--
-- Dumping data for table `mou_list`
--

INSERT INTO `mou_list` (`id`, `name`, `unit`) VALUES
(9, 'KG', '1.000'),
(10, 'PCS', '1.000'),
(11, 'SQ.MTR', '1.000'),
(12, 'SQ.FEET', '1.000');

-- --------------------------------------------------------

--
-- Table structure for table `products`
--

CREATE TABLE `products` (
  `id` int(11) NOT NULL,
  `name` varchar(100) NOT NULL,
  `mou` varchar(50) NOT NULL,
  `qty` int(11) NOT NULL,
  `unit_price` decimal(10,2) NOT NULL,
  `description` text,
  `status` tinyint(4) NOT NULL
) ENGINE=InnoDB DEFAULT CHARSET=latin1;

--
-- Dumping data for table `products`
--

INSERT INTO `products` (`id`, `name`, `mou`, `qty`, `unit_price`, `description`, `status`) VALUES
(1, '35x4 angle', 'KG', 0, '0.00', '', 1),
(2, '14 cut off wheel', 'PCS', 0, '0.00', '', 1),
(3, '50x5 Angle', 'KG', 0, '0.00', '', 1),
(4, '65x5 Angle', 'KG', 0, '0.00', '', 1),
(5, '25x3 Angle', 'KG', 0, '0.00', '', 1),
(6, '32x3 Angle', 'KG', 0, '0.00', '', 1),
(7, '1 1/4x1 1/4 Pipe', 'KG', 0, '0.00', '', 1),
(8, '2 Inch Round Pipe', 'KG', 0, '0.00', '', 1),
(9, '1x1 Squire Pipe', 'KG', 0, '0.00', '', 1),
(10, '32x8 Polish Patta', 'KG', 0, '0.00', '', 1),
(11, '14mm Squire Polish Rod', 'KG', 0, '0.00', '', 1),
(12, '4 Inch Cut off Wheel', 'PCS', 0, '0.00', '', 1),
(13, '12mm Squire Polish Rod', 'KG', 0, '0.00', '', 1),
(14, '10mm Squire Ruff Rod', 'KG', 0, '0.00', '', 1),
(15, '12mm Squire Ruff Rod', 'KG', 0, '0.00', '', 1),
(16, '32x3 Flat', 'KG', 0, '0.00', '', 1),
(17, '40x5 Angle', 'KG', 0, '0.00', '', 1),
(18, '8x3 CR Sheet', 'PCS', 0, '0.00', '', 1),
(19, '8x4 CR Sheet', 'PCS', 0, '0.00', '', 1),
(20, '7x3 CR Sheet', 'PCS', 0, '0.00', '', 1),
(21, '12mm Round Polish Rod', 'KG', 0, '0.00', '', 1),
(22, '14mm Round Polish Rod', 'KG', 0, '0.00', '', 1),
(23, '5/8 Polish Rod', 'KG', 0, '0.00', '', 1),
(24, 'red acid', 'PCS', 0, '0.00', '', 1),
(25, 'Tata bare sheet', 'SQ.MTR', 0, '0.00', '', 1),
(26, 'Elephant gray sheet', 'SQ.MTR', 0, '0.00', '', 1),
(27, 'off white sheet', 'SQ.MTR', 0, '0.00', '', 1),
(28, 'Reliance green sheet', 'SQ.MTR', 0, '0.00', '', 1),
(29, 'c-purlin(200*65*2)', 'KG', 0, '0.00', '', 1),
(30, 'c-purlin(200*65*2.5)', 'KG', 0, '0.00', '', 1),
(31, 'c-purlin(200*65*1.8)', 'KG', 0, '0.00', '', 1),
(32, 'c-purlin(250*65*1.8)', 'KG', 0, '0.00', '', 1),
(33, 'c-purlin(250*65*2)', 'KG', 0, '0.00', '', 1),
(34, 'c-purlin(250*65*2.5)', 'KG', 0, '0.00', '', 1),
(35, 'off white sheet', 'SQ.MTR', 0, '0.00', '', 1),
(36, 'L flashing ', 'SQ.FEET', 0, '0.00', '', 1),
(37, 'Tata bare gutter ', 'SQ.FEET', 0, '0.00', '', 1),
(38, 'off white gutter', 'SQ.FEET', 0, '0.00', '', 1),
(39, 'Aluminium sheet', 'KG', 0, '0.00', '', 1),
(40, '5 meter tap', 'PCS', 0, '0.00', '', 1),
(41, '30 meter tap', 'PCS', 0, '0.00', '', 1),
(42, '15 meter tap', 'PCS', 0, '0.00', '', 1),
(43, '8 kg weldig rod', 'PCS', 0, '0.00', '', 1),
(44, 'block glass', 'PCS', 0, '0.00', '', 1),
(45, 'white glass', 'PCS', 0, '0.00', '', 1),
(46, 'yellow paint', '', 0, '0.00', '', 1),
(47, 'metal paste green', 'KG', 0, '0.00', '', 1),
(48, '10 kg rod', 'PCS', 0, '0.00', '', 1),
(49, '12 kg  rod', 'PCS', 0, '0.00', '', 1),
(50, 'tarpunt oil', '', 0, '0.00', '', 1),
(51, 'marker', 'PCS', 0, '0.00', '', 1),
(52, 'paping wheel', 'PCS', 0, '0.00', '', 1),
(53, 'sack rod  1/2 inch', 'KG', 0, '0.00', '', 1),
(54, 'bed bold 0.45 inch', 'KG', 0, '0.00', '', 1),
(55, 'weldind caple', 'SQ.FEET', 0, '0.00', '', 1),
(56, 'turpo fan', 'PCS', 0, '0.00', '', 1),
(57, '6 mm plate', 'KG', 0, '0.00', '', 1),
(58, '8 mm plate', 'KG', 0, '0.00', '', 1),
(59, 'aluminium ridge', 'SQ.FEET', 0, '0.00', '', 1),
(60, 'polynam 9mm', 'SQ.MTR', 0, '0.00', '', 1),
(61, 'exclusive bare 0.47', 'SQ.MTR', 0, '0.00', '', 1),
(62, 'extra sheet reliance green', 'SQ.MTR', 0, '0.00', '', 1),
(63, 'old sandal 0.45', 'SQ.MTR', 0, '0.00', '', 1),
(64, 'fan', 'PCS', 0, '0.00', '', 1),
(65, 'profile base grey-shot', 'PCS', 0, '0.00', '', 1),
(66, '8*4 2MM', 'KG', 0, '0.00', '', 1),
(67, '1 1/2 x3 Bush', 'PCS', 0, '0.00', '', 1),
(68, '8*8 6MM', 'KG', 0, '0.00', '', 1),
(69, '4*1 1/2 PIPE', 'KG', 0, '0.00', '', 1),
(70, '1 1/4*1 1/2 PIPE', 'KG', 0, '0.00', '', 1),
(71, '100*50 PIPE', 'KG', 0, '0.00', '', 1),
(72, '1 1/2 Inch Round Pipe', 'KG', 0, '0.00', '', 1),
(73, '7*3 SHEET 20 KG', 'KG', 0, '0.00', '', 1),
(74, '3*1 PIPE', 'KG', 0, '0.00', '', 1),
(75, '80*40 PIPES', 'KG', 0, '0.00', '', 1),
(76, '2*1 PIPE', 'KG', 0, '0.00', '', 1),
(77, '1*1 PIPE', 'KG', 0, '0.00', '', 1),
(78, '12 MM POLISH ROD', 'KG', 0, '0.00', '', 1),
(79, '1 1/2 ROUND PIPE', 'KG', 0, '0.00', '', 1),
(80, '1 1/2*1/4 pipe', 'KG', 0, '0.00', '', 1),
(81, '25*5 flat', 'kg', 0, '0.00', '', 1),
(82, 'test2', '', 0, '0.00', '\r\n', 1),
(83, 'test3', '', 0, '0.00', '', 1),
(84, 'test4', '', 0, '0.00', '', 1),
(85, '5mm flat', 'PCS', 0, '0.00', '', 1),
(86, '32*3 flat', 'KG', 0, '0.00', '', 1),
(87, '32*5 flat', 'KG', 0, '0.00', '', 1),
(88, '32*8 polish rod', 'KG', 0, '0.00', '', 1),
(89, '1 1/2x1 1/2 PIPE', 'KG', 0, '0.00', '', 1),
(90, 'casting', 'KG', 0, '0.00', '', 1),
(91, 'tal', 'PCS', 0, '0.00', '', 1),
(92, '3*1 1/2 bush', 'PCS', 0, '0.00', '', 1),
(93, '3* 1 1/4 bush', 'PCS', 0, '0.00', '', 1),
(94, '14mm polish rod', 'KG', 0, '0.00', '', 1),
(95, '25*3 flat', 'KG', 0, '0.00', '', 1),
(96, '40*5 angle', 'KG', 0, '0.00', '', 1),
(97, '1 1/4* 1 1/4 pipe', 'KG', 0, '0.00', '', 1),
(98, '3 inch round pipe', 'KG', 0, '0.00', '', 1),
(99, '8*2 1/2 20mm', 'PCS', 0, '0.00', '', 1),
(100, 'shutter center lock', 'PCS', 0, '0.00', '', 1),
(101, '4*2 pipe', 'KG', 0, '0.00', '', 1),
(102, '32*8 polish flat', 'KG', 0, '0.00', '', 1),
(103, '8*3 cr sheet', 'PCS', 0, '0.00', '', 1),
(104, 'plate ', 'KG', 0, '0.00', '', 1),
(105, '1  1/2 x 4 bush', 'PCS', 0, '0.00', '', 1),
(106, '16 mm round rod', 'KG', 0, '0.00', '', 1),
(107, 'weld mesh', 'SQ.FEET', 0, '0.00', '', 1),
(108, '3* 1 1/2 pipe', 'KG', 0, '0.00', '', 1),
(109, '35*4 l angle', 'KG', 0, '0.00', '', 1),
(110, '40*10 flat', 'KG', 0, '0.00', '', 1),
(111, '7*3 cr sheet', 'PCS', 0, '0.00', '', 1),
(112, '6*3 cr sheet', 'PCS', 0, '0.00', '', 1),
(113, 'star wheel', 'PCS', 0, '0.00', '', 1),
(114, '6x4 Sheet', 'PCS', 0, '0.00', '', 1),
(115, 'handel', 'PCS', 0, '0.00', '', 1),
(116, 'lock piece', 'PCS', 0, '0.00', '', 1),
(117, '1 1/2 dumy', 'PCS', 0, '0.00', '', 1),
(118, '25x5 Flat', 'KG', 0, '0.00', '', 1),
(119, '1 1/2* 3/8 flat', 'KG', 0, '0.00', '', 1),
(120, '2 1/2 inch Round Pipe', 'KG', 0, '0.00', '', 1),
(121, 'Stay Rod', 'PCS', 0, '0.00', '', 1),
(122, '1 1/4*1/4 flat', 'KG', 0, '0.00', '', 1),
(123, '75x40 MS Channel', 'KG', 0, '0.00', '', 1),
(124, '65x6 Angle', 'KG', 0, '0.00', '', 1),
(125, '125x65 Pipe', 'KG', 0, '0.00', '', 1),
(126, '8x4 Joist', 'KG', 0, '0.00', '', 1),
(127, '10mm Plate', 'KG', 0, '0.00', '', 1),
(128, '4 MM FLAT', 'KG', 0, '0.00', '', 1),
(129, '1 INCH  ROUND PIPE', 'KG', 0, '0.00', '', 1),
(130, 'LORRY KEL ', 'PCS', 0, '0.00', '', 1),
(131, '6*2 1/2 CR SHEET', 'PCS', 0, '0.00', '', 1),
(132, '10mm Squire Polish Rod', 'KG', 0, '0.00', '', 1),
(133, '32X8 FATA', 'KG', 0, '0.00', '', 1),
(134, '3X1 1/2 PIPE', 'KG', 0, '0.00', '', 1),
(135, '7x3 Single Door', 'KG', 0, '0.00', '', 1),
(136, '35*5 ANGLE', 'KG', 0, '0.00', '', 1),
(137, '4*4 PIPE', 'KG', 0, '0.00', '', 1),
(138, 'Rafter', 'KG', 0, '0.00', '', 1),
(139, 'Purlin', 'KG', 0, '0.00', '', 1),
(140, 'Post', 'KG', 0, '0.00', '', 1),
(141, 'Bolt,Nuts', 'KG', 0, '0.00', '', 1),
(142, 'Roofing Sheet', 'SQ.MTR', 0, '0.00', '', 1),
(143, 'Sag Rods', 'KG', 0, '0.00', '', 1),
(144, 'Ventilator(6x2)', 'KG', 0, '0.00', '', 1),
(145, '1 1/2* 3/4 PIPE', 'KG', 0, '0.00', '', 1),
(146, '8*5 CR SHEET', 'KG', 0, '0.00', '', 1),
(147, 'Bed Bolt', 'PCS', 0, '0.00', '', 1),
(148, '1 1/2 BASE CUP', 'PCS', 0, '0.00', '', 1),
(149, ' 2 \" BSAE CUP', 'PCS', 0, '0.00', '', 1),
(150, 'DUMY', 'PCS', 0, '0.00', '', 1),
(151, 'STEP POST SS PIPE', 'PCS', 0, '0.00', '', 1),
(152, 'BARCKET', 'PCS', 0, '0.00', '', 1),
(153, 'sky blue 47', 'SQ.MTR', 0, '0.00', '', 1),
(154, 'sky blue ridge', 'SQ.FEET', 0, '0.00', '', 1),
(155, 'poly 4mm', 'SQ.MTR', 0, '0.00', '', 1),
(156, 'roll sheet', 'SQ.FEET', 0, '0.00', '', 1),
(157, 'down tap pipe off white 45', 'SQ.FEET', 0, '0.00', '', 1),
(158, 'down tap pipe reliance green', 'SQ.FEET', 0, '0.00', '', 1),
(159, 'extra sheet', 'SQ.FEET', 0, '0.00', '', 1),
(160, '4*1 pipe', 'KG', 0, '0.00', '', 1),
(161, '8*4 20 kg cr sheet', 'PCS', 0, '0.00', '', 1),
(162, '12*2 1/2 tata sheet 2.0', 'PCS', 0, '0.00', '', 1),
(163, '6*6 SQUER PIPE', 'KG', 0, '0.00', '', 1),
(164, '60*40 PIPE', 'KG', 0, '0.00', '', 1),
(165, '4 INCH ROUND PIPE', 'KG', 0, '0.00', '', 1),
(166, '2*2 PIPE', 'KG', 0, '0.00', '', 1),
(167, '25*3 T ANGLE', 'KG', 0, '0.00', '', 1),
(168, 'Gril', 'KG', 0, '0.00', '', 1),
(169, 'Door', 'KG', 0, '0.00', '', 1),
(170, 'Ms Plates 3mm', 'KG', 0, '0.00', '', 1),
(171, 'Ms Plates 4mm', 'KG', 0, '0.00', '', 1),
(172, 'Ms Plates 6mm', 'KG', 0, '0.00', '', 1),
(173, 'Ms Plates 8mm', 'KG', 0, '0.00', '', 1),
(174, 'Ms Plates 10mm', 'KG', 0, '0.00', '', 1),
(175, 'Ms Plates 5MM', 'KG', 0, '0.00', '', 1),
(176, '5 mm plate', 'KG', 0, '0.00', '', 1),
(177, 'Cement Sheet 1.25m', 'SQ.MTR', 0, '0.00', '', 1),
(178, 'Cement Sheet 1.5m', 'SQ.MTR', 0, '0.00', '', 1),
(179, 'Cement Sheet 2m', 'SQ.MTR', 0, '0.00', '', 1),
(180, 'Cement Sheet 2.5m', 'SQ.MTR', 0, '0.00', '', 1),
(181, 'Cement Sheet  1.75m', 'SQ.MTR', 0, '0.00', '', 1),
(182, 'Cement Sheet 3m', 'SQ.MTR', 0, '0.00', '', 1),
(183, 'Loading', 'PCS', 0, '0.00', '', 1),
(184, '50x40 Pipe', 'KG', 0, '0.00', '', 1),
(185, '1 1/4*3 bush', 'PCS', 0, '0.00', '', 1),
(186, '2 1/4 meter semend sheet', 'PCS', 0, '0.00', '', 1),
(187, '2 meter semend  sheet', 'PCS', 0, '0.00', '', 1),
(188, '1 3/4 meter semend sheet', 'PCS', 0, '0.00', '', 1),
(189, '14 ft tata sheet', 'PCS', 0, '0.00', '', 1),
(190, '12 ft tata sheet', 'PCS', 0, '0.00', '', 1),
(191, '8 ft tata sheet', 'PCS', 0, '0.00', '\r\n', 1),
(192, '2 x 1 1/2 pipe', 'KG', 0, '0.00', '', 1),
(193, '4 x 2 channal', 'KG', 0, '0.00', '', 1),
(194, 'round bush', 'PCS', 0, '0.00', '', 1),
(195, 'SKY BLUE GUTTER', 'SQ.FEET', 0, '0.00', '', 1),
(196, 'RELIANCE GREEN GUTTER', 'SQ.FEET', 0, '0.00', '', 1),
(197, '10 X 10 * 10MM PLATE', 'KG', 0, '0.00', '', 1),
(198, '4 x 2 channel', 'KG', 0, '0.00', '', 1),
(199, '75 x40 channel', 'KG', 0, '0.00', '', 1),
(200, '2 1/4 sheet', 'PCS', 0, '0.00', '', 1),
(201, '2 1/2 sheet', 'PCS', 0, '0.00', '', 1),
(202, '2*1 1/2 pipe', 'KG', 0, '0.00', '', 1),
(203, '1*1/4 flat', 'KG', 0, '0.00', '', 1),
(204, '1 1/2 X 4 BUSH', 'PCS', 0, '0.00', '', 1),
(205, '1 1/2 X 1/4 FATA', 'KG', 0, '0.00', '', 1),
(206, 'leef', 'SQ.FEET', 0, '0.00', '', 1),
(207, 'bottom', 'SQ.FEET', 0, '0.00', '', 1),
(208, 'channel', 'SQ.FEET', 0, '0.00', '', 1),
(209, 'm/s pipes', 'SQ.FEET', 0, '0.00', '', 1),
(210, 'spring', 'PCS', 0, '0.00', '', 1),
(211, 'lock+pully', 'PCS', 0, '0.00', '', 1),
(212, 'said plate', 'PCS', 0, '0.00', '', 1),
(213, 'top cover', 'SQ.FEET', 0, '0.00', '', 1),
(214, 'kammari', 'PCS', 0, '0.00', '', 1),
(215, ' shutter 8 x 6 3/4', 'PCS', 0, '0.00', '', 1),
(216, ' shutter 8 x 6 1/2', 'PCS', 0, '0.00', '', 1),
(217, ' shutter 8 x 9 3/4', 'PCS', 0, '0.00', '', 1),
(218, '4mm flate', 'KG', 0, '0.00', '', 1),
(219, '5 inch round pipe', 'KG', 0, '0.00', '', 1);

-- --------------------------------------------------------

--
-- Table structure for table `projects`
--

CREATE TABLE `projects` (
  `id` int(11) NOT NULL,
  `sitename` varchar(200) NOT NULL,
  `quotation_id` int(11) NOT NULL,
  `client_id` int(11) NOT NULL,
  `address` text NOT NULL,
  `start_date` date NOT NULL,
  `budget` decimal(10,3) NOT NULL,
  `remarks` text NOT NULL,
  `status` varchar(20) NOT NULL,
  `created_date` datetime NOT NULL DEFAULT CURRENT_TIMESTAMP,
  `created_user` int(11) NOT NULL
) ENGINE=InnoDB DEFAULT CHARSET=latin1;

--
-- Dumping data for table `projects`
--

INSERT INTO `projects` (`id`, `sitename`, `quotation_id`, `client_id`, `address`, `start_date`, `budget`, `remarks`, `status`, `created_date`, `created_user`) VALUES
(1, 'Single Slope Roofing', 0, 1, '', '0000-00-00', '0.000', '', 'COMPLETED', '2018-12-16 14:20:46', 1),
(2, 'Double Slope Godown', 0, 3, '', '0000-00-00', '0.000', '', 'COMPLETED', '2018-12-19 19:45:56', 1),
(6, '7x3 Single Door', 0, 4, '', '0000-00-00', '4000.000', '1', 'COMPLETED', '2019-01-01 17:16:40', 1),
(7, 'Seenu Annan 100x66 Double Slope Godown', 0, 6, '', '0000-00-00', '0.000', '', 'START', '2019-01-01 17:59:41', 1),
(8, 'Murugesan&Co', 0, 8, '', '1970-01-01', '0.000', '1', '', '2019-01-01 18:44:28', 0),
(9, 'ANR&Co', 0, 0, '', '1970-01-01', '0.000', '1', '', '2019-01-01 18:44:44', 0),
(10, 'SKL Exports', 0, 9, '', '1970-01-01', '0.000', '1', '', '2019-01-01 19:36:25', 0),
(11, 'Karukankattu Pudur top', 0, 10, '', '1970-01-01', '0.000', '1', '', '2019-01-09 15:45:16', 0),
(12, 'Function Table', 0, 11, '', '0000-00-00', '6500.000', '1', 'COMPLETED', '2019-01-09 15:48:27', 1),
(13, 'Main Gate', 0, 12, '', '0000-00-00', '0.000', '1', 'COMPLETED', '2019-01-09 15:55:29', 1),
(14, 'Tamil Top', 0, 13, '', '0000-00-00', '0.000', '1', 'START', '2019-01-21 11:44:32', 1),
(15, 'Cheyur Top', 0, 14, '', '1970-01-01', '0.000', '1', '', '2019-01-21 11:51:27', 0),
(16, 'grill', 0, 0, '', '1970-01-01', '0.000', '1', '', '2019-01-21 12:09:05', 0),
(17, 'Gril', 0, 16, '', '1970-01-01', '0.000', '1', '', '2019-01-22 20:29:55', 0),
(18, 'ghj', 0, 2, '', '1970-01-01', '0.000', '1', '', '2019-03-09 19:10:16', 0);

-- --------------------------------------------------------

--
-- Table structure for table `project_enquiry`
--

CREATE TABLE `project_enquiry` (
  `id` int(11) NOT NULL,
  `sitename` varchar(200) NOT NULL,
  `client_id` int(11) NOT NULL,
  `start_date` date NOT NULL,
  `remarks` text NOT NULL,
  `created_date` datetime NOT NULL DEFAULT CURRENT_TIMESTAMP,
  `created_user` int(11) NOT NULL,
  `address` text NOT NULL
) ENGINE=InnoDB DEFAULT CHARSET=latin1;

--
-- Dumping data for table `project_enquiry`
--

INSERT INTO `project_enquiry` (`id`, `sitename`, `client_id`, `start_date`, `remarks`, `created_date`, `created_user`, `address`) VALUES
(1, 'jai', 1, '0000-00-00', '12', '2019-03-09 17:04:05', 1, '123'),
(3, 'wqdqw', 2, '0000-00-00', 'qw', '2019-03-09 19:58:58', 1, 'wdqwd'),
(4, 'Gear Shutter-2 No\'s', 18, '0000-00-00', '', '2019-03-19 19:44:36', 1, 'Mosuvana Lane\r\nSKC Road\r\nErode');

-- --------------------------------------------------------

--
-- Table structure for table `project_enquiry_follow`
--

CREATE TABLE `project_enquiry_follow` (
  `id` int(11) NOT NULL,
  `project_enquiry_id` int(11) NOT NULL,
  `follow_date` datetime NOT NULL,
  `quotation_id` int(11) NOT NULL,
  `is_set` tinyint(4) NOT NULL,
  `remarks` text NOT NULL,
  `created_date` datetime NOT NULL DEFAULT CURRENT_TIMESTAMP
) ENGINE=InnoDB DEFAULT CHARSET=latin1;

--
-- Dumping data for table `project_enquiry_follow`
--

INSERT INTO `project_enquiry_follow` (`id`, `project_enquiry_id`, `follow_date`, `quotation_id`, `is_set`, `remarks`, `created_date`) VALUES
(2, 1, '2019-03-05 00:00:00', 7, 1, 'sasa', '2019-03-09 19:32:42'),
(3, 1, '2019-03-04 00:00:00', 2, 1, 'sas', '2019-03-09 19:45:15'),
(4, 1, '2019-03-06 00:00:00', 7, 1, 'sasas', '2019-03-09 19:50:42'),
(5, 1, '2019-03-21 00:00:00', 7, 1, 'sas', '2019-03-09 19:57:23'),
(6, 1, '2019-03-21 00:00:00', 7, 0, 'wsasd', '2019-03-09 19:58:34'),
(7, 3, '2019-03-10 00:00:00', 7, 0, 'nofgfg', '2019-03-09 19:59:57');

-- --------------------------------------------------------

--
-- Table structure for table `project_payment`
--

CREATE TABLE `project_payment` (
  `id` int(11) NOT NULL,
  `company_id` int(11) NOT NULL,
  `paid_amount` decimal(10,2) NOT NULL,
  `payment_mode` varchar(100) NOT NULL,
  `payment_date` date NOT NULL,
  `remarks` text NOT NULL
) ENGINE=InnoDB DEFAULT CHARSET=latin1;

--
-- Dumping data for table `project_payment`
--

INSERT INTO `project_payment` (`id`, `company_id`, `paid_amount`, `payment_mode`, `payment_date`, `remarks`) VALUES
(1, 1, '200000.00', 'Cheque', '2018-10-26', ''),
(2, 1, '100000.00', 'Cheque', '2018-12-16', ''),
(3, 1, '200000.00', 'Cash', '2018-12-18', ''),
(4, 2, '100000.00', 'Cash', '2018-10-19', ''),
(5, 2, '400000.00', 'Cash', '2018-10-22', ''),
(6, 2, '200000.00', 'Cash', '2018-11-29', ''),
(7, 2, '150000.00', 'Cash', '2018-12-12', ''),
(8, 2, '200000.00', 'Cash', '2018-12-15', ''),
(9, 7, '100000.00', 'Cash', '2018-12-05', ''),
(10, 7, '300000.00', 'Cash', '2018-12-08', ''),
(11, 7, '300000.00', 'Cheque', '2018-12-12', ''),
(12, 7, '300000.00', 'Cash', '2018-12-29', ''),
(13, 8, '100000.00', 'Cheque', '2018-11-13', ''),
(14, 8, '400000.00', 'Cheque', '2018-11-30', ''),
(15, 8, '200000.00', 'Cheque', '2018-12-29', ''),
(16, 9, '300000.00', 'Cheque', '2018-11-07', ''),
(17, 9, '200000.00', 'Cheque', '2018-11-13', ''),
(18, 9, '10000.00', 'Cash', '2018-12-27', ''),
(19, 9, '190000.00', 'Cash', '2018-12-29', ''),
(20, 11, '10000.00', 'Cash', '2019-01-08', ''),
(21, 12, '6000.00', 'Cash', '2019-01-08', ''),
(22, 13, '11800.00', 'Cash', '2019-01-09', ''),
(23, 2, '150000.00', 'Cash', '2019-01-13', ''),
(24, 17, '20000.00', 'Cash', '2019-01-22', 'Advance');

-- --------------------------------------------------------

--
-- Table structure for table `purchase_group_project`
--

CREATE TABLE `purchase_group_project` (
  `id` int(11) NOT NULL,
  `purchase_project_id` int(11) NOT NULL,
  `product_id` int(11) NOT NULL,
  `qty` decimal(10,3) NOT NULL,
  `unit_price` decimal(10,3) NOT NULL,
  `taxable_amount` decimal(10,3) NOT NULL,
  `tax_id` int(11) NOT NULL,
  `tax_amount` decimal(10,3) NOT NULL,
  `final_total` decimal(10,3) NOT NULL
) ENGINE=InnoDB DEFAULT CHARSET=latin1;

--
-- Dumping data for table `purchase_group_project`
--

INSERT INTO `purchase_group_project` (`id`, `purchase_project_id`, `product_id`, `qty`, `unit_price`, `taxable_amount`, `tax_id`, `tax_amount`, `final_total`) VALUES
(10, 4, 135, '33.000', '110.000', '0.000', 0, '0.000', '3630.000'),
(17, 5, 138, '1098.000', '55.000', '0.000', 0, '0.000', '60390.000'),
(18, 5, 139, '2655.000', '70.000', '0.000', 0, '0.000', '185850.000'),
(19, 5, 141, '30.000', '92.000', '0.000', 0, '0.000', '2760.000'),
(20, 5, 142, '637.430', '343.000', '0.000', 0, '0.000', '218638.490'),
(44, 9, 25, '69.914', '365.000', '0.000', 0, '0.000', '25518.610'),
(45, 9, 25, '11.163', '232.000', '0.000', 0, '0.000', '2589.820'),
(51, 7, 147, '136.000', '80.000', '0.000', 0, '0.000', '10880.000'),
(52, 7, 138, '2300.000', '55.000', '0.000', 0, '0.000', '126500.000'),
(53, 7, 139, '2320.000', '55.000', '0.000', 0, '0.000', '127600.000'),
(54, 7, 153, '259.910', '345.000', '0.000', 0, '0.000', '89668.950'),
(55, 7, 27, '259.910', '345.000', '0.000', 0, '0.000', '89668.950'),
(56, 8, 147, '135.000', '80.000', '0.000', 0, '0.000', '10800.000'),
(57, 8, 138, '2500.000', '55.000', '0.000', 0, '0.000', '137500.000'),
(58, 8, 139, '2300.000', '70.000', '0.000', 0, '0.000', '161000.000'),
(59, 8, 153, '259.910', '345.000', '0.000', 0, '0.000', '89668.950'),
(60, 8, 27, '259.910', '345.000', '0.000', 0, '0.000', '89668.950'),
(61, 6, 138, '6700.000', '55.000', '0.000', 0, '0.000', '368500.000'),
(62, 6, 139, '7410.000', '65.000', '0.000', 0, '0.000', '481650.000'),
(63, 6, 141, '67.800', '92.000', '0.000', 0, '0.000', '6237.600'),
(64, 6, 104, '68.200', '65.000', '0.000', 0, '0.000', '4433.000'),
(65, 6, 143, '171.000', '80.000', '0.000', 0, '0.000', '13680.000'),
(66, 6, 144, '630.000', '60.000', '0.000', 0, '0.000', '37800.000'),
(67, 10, 168, '710.000', '53.000', '0.000', 0, '0.000', '37630.000'),
(68, 10, 144, '23.000', '53.000', '0.000', 0, '0.000', '1219.000'),
(69, 11, 168, '568.000', '53.000', '0.000', 0, '0.000', '30104.000'),
(70, 12, 169, '145.000', '60.000', '0.000', 0, '0.000', '8700.000'),
(71, 13, 144, '460.000', '55.000', '0.000', 0, '0.000', '25300.000'),
(72, 14, 181, '68.250', '170.000', '0.000', 0, '0.000', '11602.500'),
(73, 14, 179, '26.000', '170.000', '0.000', 0, '0.000', '4420.000');

-- --------------------------------------------------------

--
-- Table structure for table `purchase_group_workshop`
--

CREATE TABLE `purchase_group_workshop` (
  `id` int(11) NOT NULL,
  `purchase_workshop_id` int(11) NOT NULL,
  `product_id` int(11) NOT NULL,
  `qty` decimal(10,3) NOT NULL,
  `unit_price` decimal(10,3) NOT NULL,
  `taxable_amount` decimal(10,3) NOT NULL,
  `tax_id` int(11) NOT NULL,
  `tax_amount` decimal(10,3) NOT NULL,
  `final_total` decimal(10,3) NOT NULL
) ENGINE=InnoDB DEFAULT CHARSET=latin1;

--
-- Dumping data for table `purchase_group_workshop`
--

INSERT INTO `purchase_group_workshop` (`id`, `purchase_workshop_id`, `product_id`, `qty`, `unit_price`, `taxable_amount`, `tax_id`, `tax_amount`, `final_total`) VALUES
(8, 4, 39, '82.178', '265.000', '21777.170', 0, '0.000', '21777.170'),
(9, 4, 39, '59.168', '265.000', '15679.520', 0, '0.000', '15679.520'),
(10, 4, 59, '13.000', '250.000', '3250.000', 0, '0.000', '3250.000'),
(11, 5, 60, '904.000', '16.000', '14464.000', 0, '0.000', '14464.000'),
(12, 6, 25, '90.807', '370.000', '33598.590', 0, '0.000', '33598.590'),
(23, 9, 25, '25.363', '340.000', '8623.420', 0, '0.000', '8623.420'),
(24, 8, 61, '351.050', '355.000', '124622.750', 0, '0.000', '124622.750'),
(25, 8, 61, '20.588', '355.000', '7308.740', 0, '0.000', '7308.740'),
(26, 10, 62, '2.471', '330.000', '815.430', 0, '0.000', '815.430'),
(27, 11, 26, '30.300', '375.000', '11362.500', 0, '0.000', '11362.500'),
(28, 12, 36, '10.000', '45.000', '450.000', 0, '0.000', '450.000'),
(29, 13, 36, '72.833', '55.000', '4005.820', 0, '0.000', '4005.820'),
(30, 14, 26, '128.269', '360.000', '46176.840', 0, '0.000', '46176.840'),
(31, 15, 39, '51.864', '265.000', '13743.960', 0, '0.000', '13743.960'),
(32, 16, 30, '5391.000', '63.500', '342328.500', 0, '0.000', '342328.500'),
(40, 18, 61, '54.104', '340.000', '18395.360', 0, '0.000', '18395.360'),
(41, 18, 61, '60.279', '355.000', '21399.050', 0, '0.000', '21399.050'),
(42, 17, 63, '5.270', '340.000', '1791.800', 0, '0.000', '1791.800'),
(43, 17, 36, '20.000', '45.000', '900.000', 0, '0.000', '900.000'),
(47, 19, 64, '9.000', '4600.000', '41400.000', 0, '0.000', '41400.000'),
(48, 19, 0, '0.000', '0.000', '0.000', 0, '0.000', '0.000'),
(49, 19, 0, '0.000', '0.000', '0.000', 0, '0.000', '0.000'),
(58, 7, 28, '592.067', '340.000', '201302.780', 0, '0.000', '201302.780'),
(59, 7, 27, '161.070', '340.000', '54763.800', 0, '0.000', '54763.800'),
(60, 7, 36, '140.000', '50.000', '7000.000', 0, '0.000', '7000.000'),
(637, 25, 18, '5.000', '1200.000', '0.000', 0, '0.000', '6000.000'),
(638, 25, 81, '119.200', '50.000', '0.000', 0, '0.000', '5960.000'),
(639, 25, 6, '91.000', '53.000', '0.000', 0, '0.000', '4823.000'),
(640, 25, 87, '68.800', '50.000', '0.000', 0, '0.000', '3440.000'),
(641, 25, 88, '364.800', '61.000', '0.000', 0, '0.000', '22252.800'),
(642, 25, 89, '126.000', '63.000', '0.000', 0, '0.000', '7938.000'),
(643, 25, 74, '165.000', '67.000', '0.000', 0, '0.000', '11055.000'),
(644, 25, 94, '323.200', '60.000', '0.000', 0, '0.000', '19392.000'),
(645, 25, 24, '2.000', '1300.000', '0.000', 0, '0.000', '2600.000'),
(646, 25, 90, '26.800', '65.000', '0.000', 0, '0.000', '1742.000'),
(647, 25, 91, '2.000', '30.000', '0.000', 0, '0.000', '60.000'),
(648, 25, 92, '4.000', '70.000', '0.000', 0, '0.000', '280.000'),
(649, 25, 93, '4.000', '50.000', '0.000', 0, '0.000', '200.000'),
(986, 20, 81, '57.800', '50.000', '0.000', 0, '0.000', '2890.000'),
(987, 20, 71, '162.200', '64.000', '0.000', 0, '0.000', '10380.800'),
(988, 20, 75, '215.200', '66.000', '0.000', 0, '0.000', '14203.200'),
(989, 20, 98, '71.600', '64.000', '0.000', 0, '0.000', '4582.400'),
(990, 20, 13, '87.600', '57.040', '0.000', 0, '0.000', '4996.700'),
(991, 20, 11, '20.000', '58.000', '0.000', 0, '0.000', '1160.000'),
(992, 20, 89, '124.400', '64.000', '0.000', 0, '0.000', '7961.600'),
(993, 20, 74, '167.600', '67.000', '0.000', 0, '0.000', '11229.200'),
(994, 20, 90, '23.200', '65.000', '0.000', 0, '0.000', '1508.000'),
(995, 20, 100, '1.000', '600.000', '0.000', 0, '0.000', '600.000'),
(996, 21, 71, '44.800', '64.000', '2867.200', 0, '0.000', '2867.200'),
(997, 21, 8, '22.200', '64.000', '1420.800', 0, '0.000', '1420.800'),
(998, 21, 1, '76.000', '53.000', '4028.000', 0, '0.000', '4028.000'),
(999, 21, 73, '1100.000', '3.000', '3300.000', 0, '0.000', '3300.000'),
(1000, 21, 74, '87.600', '67.000', '5869.200', 0, '0.000', '5869.200'),
(1001, 21, 6, '87.800', '53.000', '4653.400', 0, '0.000', '4653.400'),
(1002, 21, 75, '187.800', '67.000', '12582.600', 0, '0.000', '12582.600'),
(1003, 21, 76, '56.600', '67.000', '3792.200', 0, '0.000', '3792.200'),
(1004, 21, 77, '10.200', '67.000', '683.400', 0, '0.000', '683.400'),
(1005, 21, 70, '213.400', '50.000', '10670.000', 0, '0.000', '10670.000'),
(1006, 21, 13, '56.000', '60.000', '3360.000', 0, '0.000', '3360.000'),
(1007, 21, 85, '146.000', '50.000', '0.000', 0, '0.000', '7300.000'),
(1008, 21, 86, '109.200', '50.000', '0.000', 0, '0.000', '5460.000'),
(1009, 21, 79, '20.600', '65.000', '0.000', 0, '0.000', '1339.000'),
(1010, 21, 95, '53.200', '50.000', '0.000', 0, '0.000', '2660.000'),
(1011, 21, 96, '133.200', '52.000', '0.000', 0, '0.000', '6926.400'),
(1012, 21, 24, '1.000', '1300.000', '0.000', 0, '0.000', '1300.000'),
(1015, 3, 88, '78.200', '61.000', '0.000', 0, '0.000', '4770.200'),
(1016, 3, 94, '19.200', '60.500', '0.000', 0, '0.000', '1161.600'),
(1017, 3, 7, '46.000', '67.000', '0.000', 0, '0.000', '3082.000'),
(1018, 3, 77, '65.400', '67.000', '0.000', 0, '0.000', '4381.800'),
(1019, 3, 8, '57.000', '64.000', '0.000', 0, '0.000', '3648.000'),
(1020, 3, 99, '8.000', '310.000', '0.000', 0, '0.000', '2480.000'),
(1028, 23, 18, '1.000', '1490.000', '0.000', 0, '0.000', '1490.000'),
(1029, 23, 102, '192.000', '61.000', '0.000', 0, '0.000', '11712.000'),
(1030, 23, 101, '562.000', '64.000', '0.000', 0, '0.000', '35968.000'),
(1031, 22, 18, '3.000', '1500.000', '0.000', 0, '0.000', '4500.000'),
(1032, 22, 21, '11.800', '56.000', '0.000', 0, '0.000', '660.800'),
(1045, 26, 15, '9.200', '52.000', '0.000', 0, '0.000', '478.400'),
(1046, 26, 104, '520.800', '63.000', '0.000', 0, '0.000', '32810.400'),
(1047, 26, 11, '38.000', '57.000', '0.000', 0, '0.000', '2166.000'),
(1048, 26, 90, '26.200', '65.000', '0.000', 0, '0.000', '1703.000'),
(1049, 26, 91, '2.000', '90.000', '0.000', 0, '0.000', '180.000'),
(1050, 26, 105, '8.000', '80.000', '0.000', 0, '0.000', '640.000'),
(1051, 26, 67, '2.000', '70.000', '0.000', 0, '0.000', '140.000'),
(1058, 2, 2, '100.000', '50.000', '5000.000', 1, '250.000', '5250.000'),
(1066, 27, 106, '533.000', '52.000', '0.000', 0, '0.000', '27716.000'),
(1067, 27, 98, '17.800', '65.000', '0.000', 0, '0.000', '1157.000'),
(1068, 27, 107, '110.000', '80.000', '0.000', 0, '0.000', '8800.000'),
(1069, 27, 104, '18.800', '260.000', '0.000', 0, '0.000', '4888.000'),
(1070, 27, 108, '316.000', '67.000', '0.000', 0, '0.000', '21172.000'),
(1071, 27, 109, '183.000', '53.000', '0.000', 0, '0.000', '9699.000'),
(1072, 27, 110, '110.000', '52.000', '0.000', 0, '0.000', '5720.000'),
(1113, 29, 1, '312.200', '50.000', '0.000', 0, '0.000', '15610.000'),
(1114, 29, 114, '440.000', '64.000', '0.000', 0, '0.000', '28160.000'),
(1115, 29, 106, '111.000', '50.000', '0.000', 0, '0.000', '5550.000'),
(1116, 29, 3, '168.800', '49.000', '0.000', 0, '0.000', '8271.200'),
(1117, 29, 17, '52.200', '49.000', '0.000', 0, '0.000', '2557.800'),
(1118, 29, 89, '41.000', '61.000', '0.000', 0, '0.000', '2501.000'),
(1119, 29, 81, '33.400', '48.000', '0.000', 0, '0.000', '1603.200'),
(1120, 28, 6, '82.000', '53.000', '0.000', 0, '0.000', '4346.000'),
(1121, 28, 74, '44.000', '67.000', '0.000', 0, '0.000', '2948.000'),
(1122, 28, 111, '1.000', '1100.000', '0.000', 0, '0.000', '1100.000'),
(1123, 28, 112, '1.000', '910.000', '0.000', 0, '0.000', '910.000'),
(1124, 28, 80, '198.000', '50.000', '0.000', 0, '0.000', '9900.000'),
(1125, 28, 92, '8.000', '70.000', '0.000', 0, '0.000', '560.000'),
(1126, 28, 117, '50.000', '6.000', '0.000', 0, '0.000', '300.000'),
(1127, 28, 115, '4.000', '90.000', '0.000', 0, '0.000', '360.000'),
(1128, 28, 113, '2.000', '90.000', '0.000', 0, '0.000', '180.000'),
(1129, 28, 119, '389.400', '53.000', '0.000', 0, '0.000', '20638.200'),
(1133, 30, 120, '69.000', '62.000', '0.000', 0, '0.000', '4278.000'),
(1134, 30, 75, '305.000', '63.000', '0.000', 0, '0.000', '19215.000'),
(1135, 30, 115, '100.000', '25.000', '0.000', 0, '0.000', '2500.000'),
(1136, 30, 121, '100.000', '25.000', '0.000', 0, '0.000', '2500.000'),
(1146, 31, 67, '4.000', '80.000', '0.000', 0, '0.000', '320.000'),
(1147, 31, 91, '2.000', '30.000', '0.000', 0, '0.000', '60.000'),
(1148, 31, 122, '56.400', '50.000', '0.000', 0, '0.000', '2820.000'),
(1149, 31, 3, '302.400', '51.000', '0.000', 0, '0.000', '15422.400'),
(1150, 31, 109, '61.400', '53.000', '0.000', 0, '0.000', '3254.200'),
(1151, 31, 103, '2.000', '1500.000', '0.000', 0, '0.000', '3000.000'),
(1152, 31, 6, '72.200', '53.000', '0.000', 0, '0.000', '3826.600'),
(1153, 32, 103, '3.000', '1000.000', '0.000', 0, '0.000', '3000.000'),
(1154, 33, 124, '810.000', '49.500', '0.000', 0, '0.000', '40095.000'),
(1155, 33, 123, '1660.000', '50.500', '0.000', 0, '0.000', '83830.000'),
(1156, 34, 125, '680.000', '61.500', '0.000', 0, '0.000', '41820.000'),
(1157, 34, 126, '1330.000', '52.750', '0.000', 0, '0.000', '70157.500'),
(1162, 35, 14, '102.000', '48.500', '0.000', 0, '0.000', '4947.000'),
(1163, 35, 15, '720.000', '48.000', '0.000', 0, '0.000', '34560.000'),
(1164, 35, 1, '315.000', '50.250', '0.000', 0, '0.000', '15828.750'),
(1165, 35, 6, '734.000', '50.750', '0.000', 0, '0.000', '37250.500'),
(1166, 35, 127, '249.000', '56.500', '0.000', 0, '0.000', '14068.500'),
(1167, 36, 4, '4190.000', '50.500', '0.000', 0, '0.000', '211595.000'),
(1168, 36, 3, '2310.000', '50.500', '0.000', 0, '0.000', '116655.000'),
(1169, 36, 71, '2700.000', '63.750', '0.000', 0, '0.000', '172125.000'),
(1170, 36, 125, '1720.000', '61.500', '0.000', 0, '0.000', '105780.000'),
(1171, 36, 126, '1640.000', '52.750', '0.000', 0, '0.000', '86510.000'),
(1172, 37, 124, '4580.000', '49.500', '0.000', 0, '0.000', '226710.000'),
(1173, 37, 1, '890.000', '51.000', '0.000', 0, '0.000', '45390.000'),
(1174, 37, 5, '790.000', '51.500', '0.000', 0, '0.000', '40685.000'),
(1175, 37, 15, '1180.000', '49.800', '0.000', 0, '0.000', '58764.000'),
(1188, 39, 132, '329.600', '64.000', '0.000', 0, '0.000', '21094.400'),
(1189, 39, 126, '288.000', '56.000', '0.000', 0, '0.000', '16128.000'),
(1190, 38, 120, '194.800', '66.000', '0.000', 0, '0.000', '12856.800'),
(1191, 38, 112, '1.000', '900.000', '0.000', 0, '0.000', '900.000'),
(1192, 38, 23, '8.800', '62.000', '0.000', 0, '0.000', '545.600'),
(1193, 38, 11, '193.200', '59.000', '0.000', 0, '0.000', '11398.800'),
(1194, 38, 6, '86.400', '55.000', '0.000', 0, '0.000', '4752.000'),
(1195, 38, 88, '158.400', '63.000', '0.000', 0, '0.000', '9979.200'),
(1196, 38, 107, '300.000', '17.000', '0.000', 0, '0.000', '5100.000'),
(1197, 38, 86, '55.200', '54.000', '0.000', 0, '0.000', '2980.800'),
(1198, 38, 93, '4.000', '50.000', '0.000', 0, '0.000', '200.000'),
(1199, 38, 91, '2.000', '30.000', '0.000', 0, '0.000', '60.000'),
(1200, 38, 130, '4.000', '25.000', '0.000', 0, '0.000', '100.000'),
(1201, 38, 128, '11.200', '52.000', '0.000', 0, '0.000', '582.400'),
(1202, 38, 129, '26.400', '66.000', '0.000', 0, '0.000', '1742.400'),
(1203, 38, 131, '1.000', '240.000', '0.000', 0, '0.000', '240.000'),
(1204, 38, 104, '4.000', '65.000', '0.000', 0, '0.000', '260.000'),
(1205, 40, 104, '165.400', '65.000', '0.000', 0, '0.000', '10751.000'),
(1226, 41, 129, '42.200', '65.000', '0.000', 0, '0.000', '2743.000'),
(1227, 41, 21, '90.600', '57.000', '0.000', 0, '0.000', '5164.200'),
(1228, 41, 128, '49.200', '50.000', '0.000', 0, '0.000', '2460.000'),
(1229, 41, 112, '1.000', '910.000', '0.000', 0, '0.000', '910.000'),
(1230, 41, 86, '70.600', '51.000', '0.000', 0, '0.000', '3600.600'),
(1231, 41, 102, '164.600', '63.000', '0.000', 0, '0.000', '10369.800'),
(1232, 41, 120, '34.800', '65.000', '0.000', 0, '0.000', '2262.000'),
(1233, 41, 109, '101.800', '55.000', '0.000', 0, '0.000', '5599.000'),
(1234, 41, 6, '33.600', '55.000', '0.000', 0, '0.000', '1848.000'),
(1235, 41, 8, '33.600', '65.000', '0.000', 0, '0.000', '2184.000'),
(1236, 41, 134, '190.800', '66.000', '0.000', 0, '0.000', '12592.800'),
(1237, 41, 5, '65.600', '55.000', '0.000', 0, '0.000', '3608.000'),
(1238, 42, 136, '410.600', '52.000', '0.000', 0, '0.000', '21351.200'),
(1239, 42, 137, '219.400', '64.000', '0.000', 0, '0.000', '14041.600'),
(1240, 42, 104, '55.800', '63.000', '0.000', 0, '0.000', '3515.400'),
(1241, 42, 129, '42.000', '64.000', '0.000', 0, '0.000', '2688.000'),
(1242, 42, 8, '40.400', '64.000', '0.000', 0, '0.000', '2585.600'),
(1243, 43, 7, '488.800', '64.000', '0.000', 0, '0.000', '31283.200'),
(1260, 44, 6, '40.400', '55.000', '0.000', 0, '0.000', '2222.000'),
(1261, 44, 1, '51.200', '55.000', '0.000', 0, '0.000', '2816.000'),
(1262, 44, 14, '25.200', '55.000', '0.000', 0, '0.000', '1386.000'),
(1263, 44, 96, '89.200', '54.000', '0.000', 0, '0.000', '4816.800'),
(1264, 44, 73, '2.000', '1100.000', '0.000', 0, '0.000', '2200.000'),
(1265, 44, 19, '2.000', '1360.000', '0.000', 0, '0.000', '2720.000'),
(1266, 44, 5, '32.800', '55.000', '0.000', 0, '0.000', '1804.000'),
(1267, 44, 146, '1.000', '2100.000', '0.000', 0, '0.000', '2100.000'),
(1268, 44, 145, '6.200', '70.000', '0.000', 0, '0.000', '434.000'),
(1269, 45, 5, '53.800', '55.000', '0.000', 0, '0.000', '2959.000'),
(1270, 45, 86, '44.800', '55.000', '0.000', 0, '0.000', '2464.000'),
(1271, 45, 19, '2.000', '1700.000', '0.000', 0, '0.000', '3400.000'),
(1272, 45, 109, '114.200', '55.000', '0.000', 0, '0.000', '6281.000'),
(1273, 45, 73, '1.000', '1100.000', '0.000', 0, '0.000', '1100.000'),
(1274, 45, 129, '12.000', '70.000', '0.000', 0, '0.000', '840.000'),
(1275, 46, 74, '154.200', '68.000', '0.000', 0, '0.000', '10485.600'),
(1276, 46, 120, '85.200', '66.000', '0.000', 0, '0.000', '5623.200'),
(1277, 46, 19, '2.000', '2050.000', '0.000', 0, '0.000', '4100.000'),
(1278, 46, 107, '150.000', '30.000', '0.000', 0, '0.000', '4500.000'),
(1279, 46, 81, '29.400', '52.000', '0.000', 0, '0.000', '1528.800'),
(1280, 46, 80, '52.800', '52.000', '0.000', 0, '0.000', '2745.600'),
(1281, 47, 3, '1196.000', '54.000', '0.000', 0, '0.000', '64584.000'),
(1282, 47, 96, '274.000', '54.000', '0.000', 0, '0.000', '14796.000'),
(1283, 47, 71, '2386.000', '66.000', '0.000', 0, '0.000', '157476.000'),
(1284, 47, 126, '737.000', '55.000', '0.000', 0, '0.000', '40535.000'),
(1316, 48, 67, '8.000', '70.000', '0.000', 0, '0.000', '560.000'),
(1317, 48, 68, '123.600', '65.000', '0.000', 0, '0.000', '8034.000'),
(1318, 48, 66, '51.530', '65.000', '0.000', 0, '0.000', '3349.450'),
(1319, 48, 97, '26.400', '67.000', '0.000', 0, '0.000', '1768.800'),
(1320, 48, 145, '12.600', '67.000', '0.000', 0, '0.000', '844.200'),
(1321, 48, 148, '1.000', '40.000', '0.000', 0, '0.000', '40.000'),
(1322, 48, 149, '1.000', '15.000', '0.000', 0, '0.000', '15.000'),
(1323, 48, 151, '4.000', '220.000', '0.000', 0, '0.000', '880.000'),
(1324, 48, 150, '2.000', '15.000', '0.000', 0, '0.000', '30.000'),
(1325, 48, 152, '2.000', '300.000', '0.000', 0, '0.000', '600.000'),
(1326, 48, 107, '168.000', '20.000', '0.000', 0, '0.000', '3360.000'),
(1329, 1, 97, '102.400', '64.000', '0.000', 0, '0.000', '6553.600'),
(1330, 1, 24, '2.000', '1300.000', '0.000', 0, '0.000', '2600.000'),
(1331, 24, 104, '132.200', '63.000', '0.000', 0, '0.000', '8328.600'),
(1335, 49, 16, '1.000', '2.000', '0.000', 0, '0.000', '2.000'),
(1336, 49, 15, '1.000', '2.000', '0.000', 0, '0.000', '2.000'),
(1337, 49, 63, '5.270', '340.000', '0.000', 0, '0.000', '1791.800'),
(1338, 49, 36, '20.000', '45.000', '0.000', 0, '0.000', '900.000'),
(1339, 50, 35, '53.579', '350.000', '0.000', 0, '0.000', '18752.650'),
(1340, 51, 27, '62.802', '340.000', '0.000', 0, '0.000', '21352.680'),
(1341, 51, 27, '8.564', '340.000', '0.000', 0, '0.000', '2911.760'),
(1342, 51, 27, '13.670', '340.000', '0.000', 0, '0.000', '4647.800'),
(1343, 51, 27, '53.799', '340.000', '0.000', 0, '0.000', '18291.660'),
(1344, 51, 27, '9.223', '340.000', '0.000', 0, '0.000', '3135.820'),
(1345, 51, 27, '13.341', '340.000', '0.000', 0, '0.000', '4535.940'),
(1346, 51, 27, '8.564', '340.000', '0.000', 0, '0.000', '2911.760'),
(1347, 51, 36, '20.000', '50.000', '0.000', 0, '0.000', '1000.000'),
(1348, 52, 37, '46.666', '100.000', '0.000', 0, '0.000', '4666.600'),
(1349, 52, 37, '23.333', '100.000', '0.000', 0, '0.000', '2333.300'),
(1350, 53, 38, '53.579', '350.000', '0.000', 0, '0.000', '18752.650'),
(1351, 54, 155, '8.643', '1200.000', '0.000', 0, '0.000', '10371.600'),
(1352, 55, 156, '11.163', '232.000', '0.000', 0, '0.000', '2589.820'),
(1353, 56, 61, '54.104', '340.000', '0.000', 0, '0.000', '18395.360'),
(1354, 56, 61, '60.279', '355.000', '0.000', 0, '0.000', '21399.050'),
(1355, 57, 157, '60.000', '40.000', '0.000', 0, '0.000', '2400.000'),
(1356, 57, 158, '240.000', '40.000', '0.000', 0, '0.000', '9600.000'),
(1357, 58, 159, '17.129', '340.000', '0.000', 0, '0.000', '5823.860'),
(1358, 59, 61, '330.450', '343.000', '0.000', 0, '0.000', '113344.350'),
(1359, 59, 61, '306.980', '343.000', '0.000', 0, '0.000', '105294.140'),
(1360, 60, 153, '102.190', '345.000', '0.000', 0, '0.000', '35255.550'),
(1361, 60, 27, '102.190', '345.000', '0.000', 0, '0.000', '35255.550'),
(1362, 60, 153, '157.720', '345.000', '0.000', 0, '0.000', '54413.400'),
(1363, 60, 27, '157.720', '345.000', '0.000', 0, '0.000', '54413.400'),
(1364, 61, 153, '102.190', '345.000', '0.000', 0, '0.000', '35255.550'),
(1365, 61, 27, '102.190', '345.000', '0.000', 0, '0.000', '35255.550'),
(1366, 61, 153, '157.720', '345.000', '0.000', 0, '0.000', '54413.400'),
(1367, 61, 27, '157.720', '345.000', '0.000', 0, '0.000', '54413.400'),
(1368, 62, 61, '69.914', '365.000', '0.000', 0, '0.000', '25518.610'),
(1369, 63, 120, '28.000', '62.000', '0.000', 0, '0.000', '1736.000'),
(1370, 63, 107, '72.000', '30.000', '0.000', 0, '0.000', '2160.000'),
(1371, 63, 89, '280.200', '62.000', '0.000', 0, '0.000', '17372.400'),
(1372, 63, 108, '459.600', '64.000', '0.000', 0, '0.000', '29414.400'),
(1373, 64, 88, '132.000', '61.000', '0.000', 0, '0.000', '8052.000'),
(1374, 64, 94, '111.600', '58.000', '0.000', 0, '0.000', '6472.800'),
(1375, 64, 76, '70.800', '63.000', '0.000', 0, '0.000', '4460.400'),
(1376, 64, 89, '70.600', '63.000', '0.000', 0, '0.000', '4447.800'),
(1377, 64, 108, '201.000', '53.000', '0.000', 0, '0.000', '10653.000'),
(1378, 64, 80, '14.800', '53.000', '0.000', 0, '0.000', '784.400'),
(1379, 64, 89, '69.000', '63.000', '0.000', 0, '0.000', '4347.000'),
(1380, 65, 162, '35.000', '500.000', '0.000', 0, '0.000', '17500.000'),
(1381, 65, 161, '1360.000', '3.000', '0.000', 0, '0.000', '4080.000'),
(1382, 66, 89, '56.400', '62.060', '0.000', 0, '0.000', '3500.180'),
(1383, 67, 1, '312.200', '50.000', '0.000', 0, '0.000', '15610.000'),
(1384, 67, 114, '440.000', '64.000', '0.000', 0, '0.000', '28160.000'),
(1385, 67, 89, '41.000', '61.000', '0.000', 0, '0.000', '2501.000'),
(1386, 67, 106, '111.000', '50.000', '0.000', 0, '0.000', '5550.000'),
(1387, 67, 3, '168.800', '49.000', '0.000', 0, '0.000', '8271.200'),
(1388, 67, 17, '52.200', '49.000', '0.000', 0, '0.000', '2557.800'),
(1389, 67, 5, '33.400', '48.000', '0.000', 0, '0.000', '1603.200'),
(1390, 68, 120, '69.000', '62.000', '0.000', 0, '0.000', '4278.000'),
(1391, 68, 75, '305.000', '63.000', '0.000', 0, '0.000', '19215.000'),
(1392, 68, 121, '100.000', '25.000', '0.000', 0, '0.000', '2500.000'),
(1393, 68, 115, '100.000', '25.000', '0.000', 0, '0.000', '2500.000'),
(1394, 69, 71, '23.200', '60.000', '0.000', 0, '0.000', '1392.000'),
(1395, 69, 120, '54.000', '60.000', '0.000', 0, '0.000', '3240.000'),
(1396, 69, 111, '2.000', '736.000', '0.000', 0, '0.000', '1472.000'),
(1397, 69, 15, '262.000', '49.000', '0.000', 0, '0.000', '12838.000'),
(1398, 69, 113, '1.000', '130.000', '0.000', 0, '0.000', '130.000'),
(1399, 69, 105, '4.000', '80.000', '0.000', 0, '0.000', '320.000'),
(1400, 69, 117, '105.000', '5.050', '0.000', 0, '0.000', '530.250'),
(1401, 69, 116, '2.000', '20.000', '0.000', 0, '0.000', '40.000'),
(1402, 70, 71, '626.600', '60.000', '0.000', 0, '0.000', '37596.000'),
(1403, 70, 15, '182.000', '49.000', '0.000', 0, '0.000', '8918.000'),
(1404, 70, 75, '1150.000', '61.000', '0.000', 0, '0.000', '70150.000'),
(1405, 70, 163, '353.600', '60.000', '0.000', 0, '0.000', '21216.000'),
(1406, 70, 164, '168.600', '63.000', '0.000', 0, '0.000', '10621.800'),
(1407, 70, 89, '84.200', '58.000', '0.000', 0, '0.000', '4883.600'),
(1408, 70, 89, '71.500', '60.000', '0.000', 0, '0.000', '4290.000'),
(1409, 70, 74, '152.600', '63.000', '0.000', 0, '0.000', '9613.800'),
(1410, 70, 74, '152.600', '63.000', '0.000', 0, '0.000', '9613.800'),
(1411, 70, 165, '266.400', '59.000', '0.000', 0, '0.000', '15717.600'),
(1412, 70, 5, '473.400', '51.500', '0.000', 0, '0.000', '24380.100'),
(1413, 70, 120, '37.800', '58.000', '0.000', 0, '0.000', '2192.400'),
(1414, 70, 166, '602.800', '58.000', '0.000', 0, '0.000', '34962.400'),
(1415, 70, 118, '139.200', '48.000', '0.000', 0, '0.000', '6681.600'),
(1416, 70, 17, '104.200', '49.000', '0.000', 0, '0.000', '5105.800'),
(1417, 70, 112, '209.000', '64.000', '0.000', 0, '0.000', '13376.000'),
(1418, 71, 170, '76.000', '56.500', '0.000', 0, '0.000', '4294.000'),
(1419, 71, 172, '2260.000', '56.500', '0.000', 0, '0.000', '127690.000'),
(1420, 71, 174, '250.000', '56.500', '0.000', 0, '0.000', '14125.000'),
(1421, 72, 175, '1880.000', '56.500', '0.000', 0, '0.000', '106220.000'),
(1422, 73, 181, '39.000', '297.512', '0.000', 0, '0.000', '11602.970'),
(1423, 73, 179, '13.000', '340.000', '0.000', 0, '0.000', '4420.000'),
(1424, 74, 1, '87.000', '50.000', '0.000', 0, '0.000', '4350.000'),
(1425, 74, 6, '85.800', '51.270', '0.000', 0, '0.000', '4398.970'),
(1426, 74, 184, '110.200', '63.000', '0.000', 0, '0.000', '6942.600'),
(1427, 74, 7, '115.000', '63.000', '0.000', 0, '0.000', '7245.000'),
(1428, 74, 89, '56.200', '60.000', '0.000', 0, '0.000', '3372.000'),
(1429, 74, 14, '423.600', '50.000', '0.000', 0, '0.000', '21180.000'),
(1430, 74, 3, '220.000', '49.000', '0.000', 0, '0.000', '10780.000'),
(1431, 74, 17, '51.200', '49.000', '0.000', 0, '0.000', '2508.800'),
(1432, 74, 183, '1.000', '22.000', '0.000', 0, '0.000', '22.000'),
(1433, 74, 103, '10.000', '1000.000', '0.000', 0, '0.000', '10000.000'),
(1434, 75, 164, '124.000', '63.000', '0.000', 0, '0.000', '7812.000'),
(1435, 76, 25, '24.594', '305.000', '0.000', 0, '0.000', '7501.170'),
(1436, 76, 25, '25.199', '305.000', '0.000', 0, '0.000', '7685.700'),
(1437, 77, 71, '626.600', '60.000', '0.000', 0, '0.000', '37596.000'),
(1438, 77, 15, '182.000', '49.000', '0.000', 0, '0.000', '8918.000'),
(1439, 77, 75, '1150.000', '61.000', '0.000', 0, '0.000', '70150.000'),
(1440, 77, 163, '353.600', '60.000', '0.000', 0, '0.000', '21216.000'),
(1441, 77, 5, '428.800', '57.000', '0.000', 0, '0.000', '24441.600'),
(1442, 77, 164, '168.600', '63.000', '0.000', 0, '0.000', '10621.800'),
(1443, 77, 89, '84.200', '58.000', '0.000', 0, '0.000', '4883.600'),
(1444, 77, 89, '71.500', '60.000', '0.000', 0, '0.000', '4290.000'),
(1445, 77, 74, '152.600', '63.000', '0.000', 0, '0.000', '9613.800'),
(1446, 77, 165, '266.400', '59.000', '0.000', 0, '0.000', '15717.600'),
(1447, 77, 5, '473.400', '51.500', '0.000', 0, '0.000', '24380.100'),
(1448, 77, 8, '37.800', '58.000', '0.000', 0, '0.000', '2192.400'),
(1449, 77, 166, '602.800', '58.000', '0.000', 0, '0.000', '34962.400'),
(1450, 77, 118, '139.200', '48.000', '0.000', 0, '0.000', '6681.600'),
(1451, 77, 112, '209.000', '64.000', '0.000', 0, '0.000', '13376.000'),
(1452, 77, 17, '104.200', '49.000', '0.000', 0, '0.000', '5105.800'),
(1453, 78, 185, '4.000', '50.000', '0.000', 0, '0.000', '200.000'),
(1454, 78, 91, '1.000', '30.000', '0.000', 0, '0.000', '30.000'),
(1455, 78, 101, '542.000', '60.000', '0.000', 0, '0.000', '32520.000'),
(1456, 79, 186, '2.000', '378.000', '0.000', 0, '0.000', '756.000'),
(1457, 79, 187, '26.000', '336.000', '0.000', 0, '0.000', '8736.000'),
(1458, 79, 188, '5.000', '294.000', '0.000', 0, '0.000', '1470.000'),
(1459, 80, 189, '14.000', '927.000', '0.000', 0, '0.000', '12978.000'),
(1460, 80, 190, '7.000', '460.000', '0.000', 0, '0.000', '3220.000'),
(1461, 80, 191, '4.000', '310.000', '0.000', 0, '0.000', '1240.000'),
(1462, 80, 167, '177.600', '53.000', '0.000', 0, '0.000', '9412.800'),
(1463, 80, 17, '74.800', '50.989', '0.000', 0, '0.000', '3813.980'),
(1464, 81, 91, '2.000', '30.000', '0.000', 0, '0.000', '60.000'),
(1465, 81, 105, '6.000', '80.000', '0.000', 0, '0.000', '480.000'),
(1466, 81, 192, '141.400', '60.000', '0.000', 0, '0.000', '8484.000'),
(1467, 81, 7, '25.400', '63.000', '0.000', 0, '0.000', '1600.200'),
(1468, 81, 89, '31.800', '63.000', '0.000', 0, '0.000', '2003.400'),
(1469, 81, 193, '160.000', '50.000', '0.000', 0, '0.000', '8000.000'),
(1470, 81, 98, '73.000', '60.000', '0.000', 0, '0.000', '4380.000'),
(1471, 81, 80, '17.600', '48.000', '0.000', 0, '0.000', '844.800'),
(1472, 82, 28, '24.375', '355.000', '0.000', 0, '0.000', '8653.130'),
(1473, 82, 28, '25.035', '340.000', '0.000', 0, '0.000', '8511.900'),
(1474, 82, 36, '19.000', '55.000', '0.000', 0, '0.000', '1045.000'),
(1475, 83, 36, '530.000', '30.000', '0.000', 0, '0.000', '15900.000'),
(1476, 84, 27, '12.353', '355.000', '0.000', 0, '0.000', '4385.310'),
(1477, 84, 28, '14.411', '355.000', '0.000', 0, '0.000', '5115.900'),
(1478, 84, 25, '14.411', '315.000', '0.000', 0, '0.000', '4539.470'),
(1479, 84, 28, '2.306', '340.000', '0.000', 0, '0.000', '784.040'),
(1480, 84, 36, '27.000', '50.000', '0.000', 0, '0.000', '1350.000'),
(1481, 85, 153, '8.125', '355.000', '0.000', 0, '0.000', '2884.380'),
(1482, 86, 61, '95.960', '355.000', '0.000', 0, '0.000', '34065.800'),
(1483, 86, 61, '91.269', '340.000', '0.000', 0, '0.000', '31031.460'),
(1484, 86, 37, '90.000', '110.000', '0.000', 0, '0.000', '9900.000'),
(1485, 87, 153, '73.125', '355.000', '0.000', 0, '0.000', '25959.380'),
(1486, 87, 195, '35.000', '60.000', '0.000', 0, '0.000', '2100.000'),
(1487, 88, 25, '12.764', '305.000', '0.000', 0, '0.000', '3893.020'),
(1488, 88, 36, '32.000', '45.000', '0.000', 0, '0.000', '1440.000'),
(1489, 89, 25, '83.503', '330.000', '0.000', 0, '0.000', '27555.990'),
(1490, 90, 27, '26.352', '310.000', '0.000', 0, '0.000', '8169.120'),
(1491, 90, 153, '52.704', '310.000', '0.000', 0, '0.000', '16338.240'),
(1492, 91, 36, '100.000', '40.000', '0.000', 0, '0.000', '4000.000'),
(1493, 92, 25, '149.077', '300.000', '0.000', 0, '0.000', '44723.100'),
(1494, 93, 25, '30.387', '295.000', '0.000', 0, '0.000', '8964.170'),
(1495, 94, 37, '170.000', '70.000', '0.000', 0, '0.000', '11900.000'),
(1496, 95, 30, '6770.000', '60.000', '0.000', 0, '0.000', '406200.000'),
(1497, 96, 29, '1846.000', '61.500', '0.000', 0, '0.000', '113529.000'),
(1498, 97, 25, '49.793', '305.000', '0.000', 0, '0.000', '15186.860'),
(1499, 98, 153, '72.105', '320.000', '0.000', 0, '0.000', '23073.600'),
(1500, 98, 153, '52.892', '320.000', '0.000', 0, '0.000', '16925.440'),
(1501, 99, 93, '4.000', '50.000', '0.000', 0, '0.000', '200.000'),
(1502, 99, 91, '1.000', '30.000', '0.000', 0, '0.000', '30.000'),
(1503, 99, 115, '25.000', '6.000', '0.000', 0, '0.000', '150.000'),
(1504, 99, 121, '6.000', '25.000', '0.000', 0, '0.000', '150.000'),
(1505, 99, 130, '20.000', '6.000', '0.000', 0, '0.000', '120.000'),
(1506, 99, 101, '542.000', '60.000', '0.000', 0, '0.000', '32520.000'),
(1507, 100, 197, '128.400', '63.000', '0.000', 0, '0.000', '8089.200'),
(1508, 100, 193, '54.200', '49.000', '0.000', 0, '0.000', '2655.800'),
(1509, 100, 199, '35.400', '49.011', '0.000', 0, '0.000', '1735.000'),
(1510, 100, 136, '59.200', '48.980', '0.000', 0, '0.000', '2899.620'),
(1511, 100, 76, '39.600', '53.000', '0.000', 0, '0.000', '2098.800'),
(1512, 101, 200, '12.000', '382.500', '0.000', 0, '0.000', '4590.000'),
(1513, 101, 201, '6.000', '425.000', '0.000', 0, '0.000', '2550.000'),
(1514, 101, 200, '5.000', '200.000', '0.000', 0, '0.000', '1000.000'),
(1515, 101, 7, '33.000', '63.000', '0.000', 0, '0.000', '2079.000'),
(1516, 101, 77, '13.800', '64.000', '0.000', 0, '0.000', '883.200'),
(1517, 102, 7, '45.000', '64.000', '0.000', 0, '0.000', '2880.000'),
(1518, 103, 163, '140.000', '62.000', '0.000', 0, '0.000', '8680.000'),
(1519, 104, 76, '16.400', '63.100', '0.000', 0, '0.000', '1034.840'),
(1520, 104, 145, '12.400', '63.000', '0.000', 0, '0.000', '781.200'),
(1521, 104, 161, '1.000', '2290.000', '0.000', 0, '0.000', '2290.000'),
(1522, 104, 174, '9.200', '65.000', '0.000', 0, '0.000', '598.000'),
(1523, 104, 24, '1.000', '1300.000', '0.000', 0, '0.000', '1300.000'),
(1524, 104, 93, '3.000', '50.000', '0.000', 0, '0.000', '150.000'),
(1525, 105, 137, '434.000', '60.000', '0.000', 0, '0.000', '26040.000'),
(1526, 105, 7, '189.200', '60.000', '0.000', 0, '0.000', '11352.000'),
(1527, 105, 5, '136.000', '51.500', '0.000', 0, '0.000', '7004.000'),
(1528, 105, 98, '72.000', '60.000', '0.000', 0, '0.000', '4320.000'),
(1529, 105, 119, '16.400', '50.000', '0.000', 0, '0.000', '820.000'),
(1530, 105, 101, '215.000', '60.000', '0.000', 0, '0.000', '12900.000'),
(1531, 105, 14, '142.000', '50.000', '0.000', 0, '0.000', '7100.000'),
(1532, 105, 3, '64.000', '49.000', '0.000', 0, '0.000', '3136.000'),
(1533, 105, 17, '33.600', '49.000', '0.000', 0, '0.000', '1646.400'),
(1534, 106, 202, '90.200', '60.000', '0.000', 0, '0.000', '5412.000'),
(1535, 106, 88, '372.000', '60.000', '0.000', 0, '0.000', '22320.000'),
(1536, 106, 74, '128.800', '63.000', '0.000', 0, '0.000', '8114.400'),
(1537, 107, 136, '55.000', '49.000', '0.000', 0, '0.000', '2695.000'),
(1538, 107, 122, '54.400', '47.999', '0.000', 0, '0.000', '2611.150'),
(1539, 107, 1, '67.000', '48.000', '0.000', 0, '0.000', '3216.000'),
(1540, 107, 7, '25.600', '62.000', '0.000', 0, '0.000', '1587.200'),
(1541, 107, 88, '558.000', '60.000', '0.000', 0, '0.000', '33480.000'),
(1542, 107, 21, '49.000', '59.000', '0.000', 0, '0.000', '2891.000'),
(1543, 107, 5, '36.000', '51.500', '0.000', 0, '0.000', '1854.000'),
(1544, 107, 16, '55.000', '50.000', '0.000', 0, '0.000', '2750.000'),
(1545, 107, 128, '62.000', '48.000', '0.000', 0, '0.000', '2976.000'),
(1546, 107, 193, '54.000', '50.000', '0.000', 0, '0.000', '2700.000'),
(1547, 107, 8, '28.000', '59.000', '0.000', 0, '0.000', '1652.000'),
(1548, 107, 129, '24.000', '62.000', '0.000', 0, '0.000', '1488.000'),
(1549, 107, 4, '87.000', '49.000', '0.000', 0, '0.000', '4263.000'),
(1550, 107, 3, '21.600', '49.000', '0.000', 0, '0.000', '1058.400'),
(1551, 107, 183, '1.000', '28.000', '0.000', 0, '0.000', '28.000'),
(1552, 108, 11, '470.000', '57.000', '0.000', 0, '0.000', '26790.000'),
(1553, 108, 6, '155.000', '51.503', '0.000', 0, '0.000', '7983.000'),
(1554, 108, 14, '101.600', '50.000', '0.000', 0, '0.000', '5080.000'),
(1555, 108, 145, '70.000', '7.714', '0.000', 0, '0.000', '540.000'),
(1556, 108, 183, '1.000', '7.000', '0.000', 0, '0.000', '7.000'),
(1557, 109, 107, '2.000', '3000.000', '0.000', 0, '0.000', '6000.000'),
(1558, 110, 91, '2.000', '30.000', '0.000', 0, '0.000', '60.000'),
(1559, 110, 202, '141.400', '60.000', '0.000', 0, '0.000', '8484.000'),
(1560, 110, 134, '53.200', '63.008', '0.000', 0, '0.000', '3352.030'),
(1561, 110, 97, '25.400', '63.000', '0.000', 0, '0.000', '1600.200'),
(1562, 110, 89, '31.800', '63.000', '0.000', 0, '0.000', '2003.400'),
(1563, 110, 120, '28.000', '60.000', '0.000', 0, '0.000', '1680.000'),
(1564, 110, 98, '73.000', '60.000', '0.000', 0, '0.000', '4380.000'),
(1565, 111, 187, '13.000', '340.000', '0.000', 0, '0.000', '4420.000'),
(1566, 111, 188, '39.000', '297.500', '0.000', 0, '0.000', '11602.500'),
(1567, 112, 24, '1.000', '1300.000', '0.000', 0, '0.000', '1300.000'),
(1661, 113, 215, '1.000', '9210.000', '0.000', 0, '0.000', '9210.000'),
(1662, 114, 216, '1.000', '9010.000', '0.000', 0, '0.000', '9010.000'),
(1663, 115, 217, '1.000', '11680.000', '0.000', 0, '0.000', '11680.000'),
(1664, 116, 1, '125.000', '53.000', '0.000', 0, '0.000', '6625.000'),
(1665, 116, 6, '165.000', '53.000', '0.000', 0, '0.000', '8745.000'),
(1666, 116, 218, '63.200', '48.022', '0.000', 0, '0.000', '3035.000'),
(1667, 116, 112, '5.000', '900.000', '0.000', 0, '0.000', '4500.000'),
(1668, 116, 111, '5.000', '1100.000', '0.000', 0, '0.000', '5500.000'),
(1669, 116, 107, '1.000', '1200.000', '0.000', 0, '0.000', '1200.000'),
(1670, 116, 5, '18.200', '53.030', '0.000', 0, '0.000', '965.150'),
(1671, 117, 107, '1.000', '480.000', '0.000', 0, '0.000', '480.000'),
(1672, 118, 5, '65.000', '43.631', '0.000', 0, '0.000', '2836.000'),
(1673, 118, 204, '4.000', '80.000', '0.000', 0, '0.000', '320.000'),
(1674, 118, 113, '1.000', '130.000', '0.000', 0, '0.000', '130.000'),
(1675, 118, 91, '6.000', '25.000', '0.000', 0, '0.000', '150.000'),
(1676, 118, 116, '1.000', '40.000', '0.000', 0, '0.000', '40.000'),
(1677, 118, 183, '1.000', '4.000', '0.000', 0, '0.000', '4.000'),
(1678, 119, 101, '127.600', '60.000', '0.000', 0, '0.000', '7656.000'),
(1679, 119, 3, '42.600', '52.000', '0.000', 0, '0.000', '2215.200'),
(1680, 119, 96, '37.200', '52.000', '0.000', 0, '0.000', '1934.400'),
(1681, 119, 1, '62.000', '53.000', '0.000', 0, '0.000', '3286.000'),
(1682, 119, 183, '1.000', '8.000', '0.000', 0, '0.000', '8.000'),
(1683, 120, 193, '522.800', '51.001', '0.000', 0, '0.000', '26663.320'),
(1684, 120, 183, '17.000', '1.000', '0.000', 0, '0.000', '17.000'),
(1685, 120, 185, '8.000', '50.000', '0.000', 0, '0.000', '400.000'),
(1686, 120, 130, '12.000', '6.000', '0.000', 0, '0.000', '72.000'),
(1687, 120, 91, '2.000', '30.000', '0.000', 0, '0.000', '60.000'),
(1688, 120, 121, '6.000', '25.000', '0.000', 0, '0.000', '150.000'),
(1689, 120, 115, '6.000', '25.000', '0.000', 0, '0.000', '150.000'),
(1690, 120, 183, '1.000', '8.000', '0.000', 0, '0.000', '8.000'),
(1691, 121, 107, '1.000', '3000.000', '0.000', 0, '0.000', '3000.000'),
(1692, 121, 162, '11.000', '630.000', '0.000', 0, '0.000', '6930.000'),
(1693, 121, 1, '112.800', '53.000', '0.000', 0, '0.000', '5978.400'),
(1694, 121, 6, '173.400', '53.010', '0.000', 0, '0.000', '9191.930'),
(1695, 121, 14, '66.800', '52.000', '0.000', 0, '0.000', '3473.600'),
(1696, 121, 17, '100.000', '51.000', '0.000', 0, '0.000', '5100.000'),
(1697, 121, 7, '12.800', '62.000', '0.000', 0, '0.000', '793.600'),
(1698, 121, 77, '34.800', '62.000', '0.000', 0, '0.000', '2157.600'),
(1699, 121, 192, '64.200', '62.000', '0.000', 0, '0.000', '3980.400'),
(1700, 121, 5, '74.000', '53.000', '0.000', 0, '0.000', '3922.000'),
(1701, 121, 112, '3.000', '1100.000', '0.000', 0, '0.000', '3300.000'),
(1702, 121, 131, '1.000', '1100.000', '0.000', 0, '0.000', '1100.000'),
(1703, 121, 90, '31.000', '65.000', '0.000', 0, '0.000', '2015.000'),
(1704, 121, 183, '1.000', '29.000', '0.000', 0, '0.000', '29.000'),
(1705, 121, 24, '1.000', '1300.000', '0.000', 0, '0.000', '1300.000'),
(1706, 122, 219, '40.600', '60.000', '0.000', 0, '0.000', '2436.000'),
(1707, 122, 1, '45.800', '53.493', '0.000', 0, '0.000', '2450.000'),
(1708, 122, 87, '36.000', '48.000', '0.000', 0, '0.000', '1728.000'),
(1709, 122, 107, '1.000', '2880.000', '0.000', 0, '0.000', '2880.000'),
(1710, 122, 19, '300.200', '55.500', '0.000', 0, '0.000', '16661.000'),
(1711, 122, 72, '19.200', '60.000', '0.000', 0, '0.000', '1152.000'),
(1712, 122, 120, '14.000', '60.000', '0.000', 0, '0.000', '840.000'),
(1713, 122, 183, '1.000', '3.000', '0.000', 0, '0.000', '3.000'),
(1714, 123, 7, '25.600', '63.008', '0.000', 0, '0.000', '1613.000'),
(1715, 123, 89, '92.600', '60.000', '0.000', 0, '0.000', '5556.000'),
(1716, 123, 112, '1.000', '1100.000', '0.000', 0, '0.000', '1100.000'),
(1717, 123, 112, '5.000', '750.000', '0.000', 0, '0.000', '3750.000'),
(1718, 123, 190, '2.000', '630.000', '0.000', 0, '0.000', '1260.000');

-- --------------------------------------------------------

--
-- Table structure for table `purchase_project`
--

CREATE TABLE `purchase_project` (
  `id` int(11) NOT NULL,
  `shop_id` int(11) NOT NULL,
  `project_id` int(11) NOT NULL,
  `bill_no` varchar(10) NOT NULL,
  `date` date NOT NULL,
  `product_total` decimal(10,3) NOT NULL,
  `discount` decimal(10,3) NOT NULL,
  `grand_total` decimal(10,3) NOT NULL,
  `remarks` text NOT NULL,
  `created_date` datetime DEFAULT CURRENT_TIMESTAMP,
  `created_by` int(11) NOT NULL
) ENGINE=InnoDB DEFAULT CHARSET=latin1;

--
-- Dumping data for table `purchase_project`
--

INSERT INTO `purchase_project` (`id`, `shop_id`, `project_id`, `bill_no`, `date`, `product_total`, `discount`, `grand_total`, `remarks`, `created_date`, `created_by`) VALUES
(4, 0, 6, '2018190001', '2019-01-01', '3630.000', '0.000', '3630.000', '', '2018-12-22 21:40:19', 1),
(5, 0, 1, '2018190002', '2018-12-03', '467638.490', '0.000', '467638.490', '', '2019-01-01 17:36:11', 1),
(6, 0, 2, '2018190003', '2018-12-08', '912300.600', '0.000', '912300.600', '13.12.18=400', '2019-01-01 17:45:52', 1),
(7, 0, 8, '2018190004', '2019-01-05', '444317.900', '0.000', '444317.900', '', '2019-01-01 18:52:45', 1),
(8, 0, 9, '2018190005', '2018-11-05', '488637.900', '0.000', '488637.900', '', '2019-01-01 18:57:17', 1),
(9, 0, 14, '2018190006', '2018-12-17', '28108.430', '0.000', '28108.430', '', '2019-01-21 12:42:55', 1),
(10, 0, 2, '2018190007', '2019-01-10', '38849.000', '0.000', '38849.000', '', '2019-01-21 15:39:58', 1),
(11, 0, 2, '2018190008', '2019-01-12', '30104.000', '0.000', '30104.000', '', '2019-01-21 15:40:54', 1),
(12, 0, 2, '2018190009', '2018-12-15', '8700.000', '0.000', '8700.000', '8*6 door =1 no', '2019-01-21 15:42:56', 1),
(13, 0, 2, '2018190010', '2018-12-12', '25300.000', '0.000', '25300.000', '', '2019-01-21 15:49:07', 1),
(14, 0, 15, '2018190011', '2019-01-22', '16022.500', '0.000', '16022.500', '', '2019-01-22 20:39:12', 1);

-- --------------------------------------------------------

--
-- Table structure for table `purchase_workshop`
--

CREATE TABLE `purchase_workshop` (
  `id` int(11) NOT NULL,
  `shop_id` int(11) NOT NULL,
  `bill_no` varchar(10) NOT NULL,
  `date` date NOT NULL,
  `product_total` decimal(10,3) NOT NULL,
  `discount` decimal(10,3) NOT NULL,
  `grand_total` decimal(10,3) NOT NULL,
  `remarks` text NOT NULL,
  `created_date` datetime DEFAULT CURRENT_TIMESTAMP,
  `created_by` int(11) NOT NULL
) ENGINE=InnoDB DEFAULT CHARSET=latin1;

--
-- Dumping data for table `purchase_workshop`
--

INSERT INTO `purchase_workshop` (`id`, `shop_id`, `bill_no`, `date`, `product_total`, `discount`, `grand_total`, `remarks`, `created_date`, `created_by`) VALUES
(1, 1, '24,21', '2018-12-07', '9153.600', '0.000', '9153.600', '', '2018-12-16 14:43:34', 1),
(2, 2, '', '2018-12-15', '5250.000', '0.000', '5250.000', '', '2018-12-16 14:44:05', 1),
(3, 1, '8', '2018-12-17', '19523.600', '0.000', '19523.600', '', '2018-12-16 14:46:03', 1),
(4, 8, 'nov/1314', '2018-11-17', '40706.690', '0.000', '40706.690', '', '2018-12-20 20:03:48', 1),
(5, 8, 'nov/ 1513', '2018-12-11', '14464.000', '0.000', '14464.000', '', '2018-12-20 20:05:33', 1),
(6, 8, 'nov/1396', '2018-12-11', '33598.590', '0.000', '33598.590', '', '2018-12-20 20:06:40', 1),
(7, 8, 'nov/1795', '2018-11-21', '265766.580', '0.000', '265766.580', '', '2018-12-20 20:22:25', 1),
(8, 8, 'nov/1986', '2018-11-23', '131931.490', '0.000', '131931.490', '', '2018-12-20 20:26:36', 1),
(9, 8, 'nov/2131', '2018-11-24', '8623.420', '0.000', '8623.420', '', '2018-12-20 20:28:40', 1),
(10, 8, 'nov/2665', '2018-11-29', '815.430', '0.000', '815.430', '', '2018-12-20 20:30:48', 1),
(11, 8, 'nov/2778', '2018-11-30', '11362.500', '0.000', '11362.500', '', '2018-12-20 20:31:44', 1),
(12, 8, 'nov/2730', '2018-11-30', '450.000', '0.000', '450.000', '', '2018-12-20 20:33:16', 1),
(13, 8, 'nov/2738', '2018-11-30', '4005.820', '0.000', '4005.820', '', '2018-12-20 20:34:48', 1),
(14, 8, 'nov/2738', '2018-11-30', '46176.840', '0.000', '46176.840', '', '2018-12-20 20:36:39', 1),
(15, 8, 'dec/743', '2018-12-07', '13743.960', '0.000', '13743.960', '', '2018-12-21 12:48:08', 1),
(16, 8, 'dec/462', '2018-12-05', '342328.500', '0.000', '342328.500', '', '2018-12-21 12:49:23', 1),
(17, 8, 'dec/268', '2018-12-05', '2691.800', '0.000', '2691.800', '', '2018-12-21 12:51:05', 1),
(18, 8, 'dec/890', '2018-12-08', '39794.410', '0.000', '39794.410', '', '2018-12-21 12:54:18', 1),
(19, 8, 'dec/2055', '2018-12-18', '41400.000', '0.000', '41400.000', '', '2018-12-21 12:59:02', 1),
(20, 1, '40', '2018-12-10', '59511.900', '0.000', '59511.900', '', '2018-12-22 10:47:04', 1),
(21, 1, '5', '2018-12-06', '78212.200', '0.000', '78212.200', '', '2018-12-22 13:07:28', 1),
(22, 1, '80', '2018-12-13', '5160.800', '0.000', '5160.800', '', '2018-12-22 17:12:18', 1),
(23, 1, '71', '2018-12-06', '49170.000', '0.000', '49170.000', '', '2018-12-22 17:15:44', 1),
(24, 1, '13', '2018-12-17', '8328.600', '0.000', '8328.600', '', '2018-12-24 15:24:26', 1),
(25, 1, '', '2018-12-20', '85742.800', '0.000', '85742.800', '', '2018-12-31 16:36:51', 1),
(26, 1, '22', '2018-12-18', '38117.800', '0.000', '38117.800', '', '2019-01-01 10:50:39', 1),
(27, 1, '49', '2018-12-21', '79152.000', '0.000', '79152.000', '', '2019-01-01 11:50:53', 1),
(28, 1, '61', '2018-12-22', '41242.200', '0.000', '41242.200', '', '2019-01-01 15:03:11', 1),
(29, 1, '27', '2019-01-01', '64253.200', '0.000', '64253.200', '', '2019-01-01 15:19:20', 1),
(30, 1, '28', '2019-01-01', '28493.000', '0.000', '28493.000', '', '2019-01-01 15:28:36', 1),
(31, 1, '88', '2018-12-26', '28703.200', '0.000', '28703.200', '', '2019-01-01 15:50:05', 1),
(32, 1, '          ', '2018-12-06', '3000.000', '0.000', '3000.000', '', '2019-01-01 16:07:25', 1),
(33, 5, '', '2018-12-10', '123925.000', '0.000', '123925.000', '', '2019-01-01 16:13:02', 1),
(34, 5, '', '2018-11-28', '111977.500', '0.000', '111977.500', '', '2019-01-01 16:15:09', 1),
(35, 5, '', '2018-12-27', '106654.750', '0.000', '106654.750', '', '2019-01-01 16:17:28', 1),
(36, 5, '', '2018-11-26', '692665.000', '0.000', '692665.000', '', '2019-01-01 16:21:57', 1),
(37, 5, '', '2018-12-07', '371549.000', '0.000', '371549.000', '', '2019-01-01 16:24:13', 1),
(38, 1, '74', '2018-11-21', '51698.000', '0.000', '51698.000', '', '2019-01-01 16:24:39', 1),
(39, 1, '', '2018-11-17', '37222.400', '0.000', '37222.400', '', '2019-01-01 16:53:14', 1),
(40, 1, '89', '2018-11-22', '10751.000', '0.000', '10751.000', '', '2019-01-01 16:58:52', 1),
(41, 1, '23', '2018-11-27', '53341.400', '0.000', '53341.400', '', '2019-01-01 17:10:52', 1),
(42, 1, '78', '2018-02-11', '44181.800', '0.000', '44181.800', '', '2019-01-01 17:35:35', 1),
(43, 1, '4', '2018-12-05', '31283.200', '0.000', '31283.200', '', '2019-01-01 17:36:33', 1),
(44, 1, '23', '2018-11-16', '20498.800', '0.000', '20498.800', '', '2019-01-01 17:59:21', 1),
(45, 1, '10', '2018-11-14', '17044.000', '0.000', '17044.000', '', '2019-01-01 18:36:42', 1),
(46, 1, '98', '2018-11-13', '28983.200', '0.000', '28983.200', '', '2019-01-01 18:43:17', 1),
(47, 1, '99', '2018-11-13', '277391.000', '0.000', '277391.000', '', '2019-01-01 18:45:53', 1),
(48, 1, '', '2018-11-23', '19481.450', '0.000', '19481.450', '', '2019-01-01 18:57:38', 1),
(49, 8, 'dec/268', '2018-12-03', '2691.800', '0.000', '2691.800', '', '2019-01-07 10:25:00', 1),
(50, 8, 'dec890', '2019-01-04', '18752.650', '0.000', '18752.650', '', '2019-01-07 10:35:20', 1),
(51, 8, 'jan/351', '2019-01-04', '58787.420', '0.000', '58787.420', '', '2019-01-07 10:47:08', 1),
(52, 8, 'jan/34', '2019-01-01', '6999.900', '0.000', '6999.900', '', '2019-01-07 10:50:47', 1),
(53, 8, 'jan/340', '2019-01-04', '18752.650', '0.000', '18752.650', '', '2019-01-07 10:52:53', 1),
(54, 8, 'dec1696', '2018-12-15', '10371.600', '0.000', '10371.600', '', '2019-01-07 11:47:57', 1),
(55, 8, 'dec/1840', '2018-12-17', '2589.820', '0.000', '2589.820', '', '2019-01-07 11:49:24', 1),
(56, 8, 'dec/1996', '2018-12-18', '39794.410', '0.000', '39794.410', '', '2019-01-07 12:53:39', 1),
(57, 8, 'dec/1637', '2018-12-14', '12000.000', '0.000', '12000.000', '', '2019-01-07 13:00:12', 1),
(58, 8, 'decd2502', '2018-12-22', '5823.860', '0.000', '5823.860', '', '2019-01-07 13:22:14', 1),
(59, 8, 'dec/2594', '2018-12-22', '218638.490', '0.000', '218638.490', '', '2019-01-07 13:29:52', 1),
(60, 8, 'jan/439', '2019-01-04', '179337.900', '0.000', '179337.900', '', '2019-01-07 16:20:21', 1),
(61, 8, 'jan/439', '2019-01-04', '179337.900', '0.000', '179337.900', '', '2019-01-07 16:22:18', 1),
(62, 8, 'jan/310', '2019-01-03', '25518.610', '0.000', '25518.610', '', '2019-01-07 16:23:39', 1),
(63, 1, '58', '2019-01-04', '50682.800', '0.000', '50682.800', '', '2019-01-07 16:32:31', 1),
(64, 1, '7', '2018-12-28', '39217.400', '0.000', '39217.400', '', '2019-01-07 17:08:31', 1),
(65, 1, '12', '2018-12-28', '21580.000', '0.000', '21580.000', '', '2019-01-07 17:45:03', 1),
(66, 1, '41', '2019-01-02', '3500.180', '0.000', '3500.180', '', '2019-01-07 17:46:43', 1),
(67, 1, '27', '2019-01-01', '64253.200', '0.000', '64253.200', '', '2019-01-07 17:52:26', 1),
(68, 1, '28', '2019-01-01', '28493.000', '0.000', '28493.000', '', '2019-01-07 18:51:26', 1),
(69, 1, '28', '2019-01-11', '19962.250', '0.000', '19962.250', '', '2019-01-12 16:20:06', 1),
(70, 1, '6', '2019-01-09', '279318.900', '0.000', '279318.900', '', '2019-01-12 19:44:54', 1),
(71, 5, '', '2018-12-24', '146109.000', '0.000', '146109.000', '', '2019-01-22 10:02:15', 1),
(72, 5, '', '2018-12-24', '106220.000', '0.000', '106220.000', '', '2019-01-22 10:43:03', 1),
(73, 1, '73', '2019-01-22', '16022.970', '0.000', '16022.970', '', '2019-01-22 20:21:26', 1),
(74, 1, '88', '2019-01-23', '70799.370', '0.000', '70799.370', '', '2019-01-23 18:59:17', 1),
(75, 1, '70', '2019-01-22', '7812.000', '0.000', '7812.000', '', '2019-01-23 19:21:26', 1),
(76, 8, 'jan/2217', '2019-01-25', '15186.870', '0.000', '15186.870', '', '2019-01-28 18:52:53', 1),
(77, 1, '', '2019-01-09', '294146.700', '0.000', '294146.700', '', '2019-02-01 15:48:32', 1),
(78, 1, '16', '2019-01-26', '32750.000', '0.000', '32750.000', '', '2019-02-11 16:25:29', 1),
(79, 1, '82', '2019-02-12', '10962.000', '0.000', '10962.000', '', '2019-02-13 20:37:35', 1),
(80, 1, '78', '2019-02-12', '30664.780', '0.000', '30664.780', '', '2019-02-13 20:49:55', 1),
(81, 1, '53', '2019-02-08', '25852.400', '0.000', '25852.400', '', '2019-02-14 09:53:06', 1),
(82, 8, 'feb', '2019-02-12', '18210.030', '0.000', '18210.030', '', '2019-02-14 10:42:43', 1),
(83, 8, 'FEB/1201', '2019-02-11', '15900.000', '0.000', '15900.000', '', '2019-02-14 10:44:50', 1),
(84, 8, 'FEB/1362', '2019-02-12', '16174.720', '0.000', '16174.720', '', '2019-02-14 13:10:20', 1),
(85, 8, 'FEB/1014', '2019-02-08', '2884.380', '0.000', '2884.380', '', '2019-02-14 13:21:15', 1),
(86, 8, 'FEB/886', '2019-02-07', '74997.260', '0.000', '74997.260', '', '2019-02-14 13:23:38', 1),
(87, 8, 'FEB/884', '2019-02-07', '28059.380', '0.000', '28059.380', '', '2019-02-14 13:27:55', 1),
(88, 8, 'feb/770', '2019-02-07', '5333.020', '0.000', '5333.020', '', '2019-02-14 13:47:59', 1),
(89, 8, 'FEB/347', '2019-02-04', '27555.990', '0.000', '27555.990', '', '2019-02-14 13:52:15', 1),
(90, 8, 'FEB/350', '2019-02-04', '24507.360', '0.000', '24507.360', '', '2019-02-14 17:32:23', 1),
(91, 8, 'feb/415', '2019-02-04', '4000.000', '0.000', '4000.000', '', '2019-02-15 12:29:17', 1),
(92, 8, 'feb/91', '2019-02-01', '44723.100', '0.000', '44723.100', '', '2019-02-15 16:53:29', 1),
(93, 8, 'jan/2953', '2019-01-31', '8964.170', '0.000', '8964.170', '', '2019-02-15 16:54:36', 1),
(94, 8, 'jan/2584', '2019-01-29', '11900.000', '0.000', '11900.000', '', '2019-02-15 16:55:38', 1),
(95, 8, 'jsan/663', '2019-01-07', '406200.000', '0.000', '406200.000', '', '2019-02-15 16:56:59', 1),
(96, 8, 'jan/2247', '2019-01-25', '113529.000', '0.000', '113529.000', '', '2019-02-15 17:02:55', 1),
(97, 8, 'jan/2217', '2019-01-25', '15186.860', '0.000', '15186.860', '', '2019-02-15 18:07:46', 1),
(98, 8, 'jan/1443', '2019-01-12', '39999.040', '0.000', '39999.040', '', '2019-02-21 15:09:25', 1),
(99, 1, '16', '2019-01-26', '33170.000', '0.000', '33170.000', '', '2019-02-26 18:03:23', 1),
(100, 1, '30', '2019-01-28', '17478.420', '0.000', '17478.420', '', '2019-02-27 10:06:40', 1),
(101, 1, '50', '2019-01-29', '11102.200', '0.000', '11102.200', '', '2019-02-27 16:10:08', 1),
(102, 1, '42', '2019-01-29', '2880.000', '0.000', '2880.000', '', '2019-02-27 16:16:04', 1),
(103, 1, '53', '2019-01-29', '8680.000', '0.000', '8680.000', '', '2019-02-27 16:17:08', 1),
(104, 1, '57', '2020-01-30', '6154.040', '0.000', '6154.040', '', '2019-02-27 16:22:31', 1),
(105, 1, '86', '2019-02-01', '74318.400', '0.000', '74318.400', '', '2019-02-28 19:19:35', 1),
(106, 1, '20', '2019-02-05', '35846.400', '0.000', '35846.400', '', '2019-02-28 19:22:52', 1),
(107, 1, '26', '2019-02-06', '65249.750', '0.000', '65249.750', '', '2019-02-28 19:45:56', 1),
(108, 1, '27', '2019-02-06', '40400.000', '0.000', '40400.000', '', '2019-03-01 11:24:00', 1),
(109, 1, '45', '2019-02-07', '6000.000', '0.000', '6000.000', '', '2019-03-02 11:51:37', 1),
(110, 1, '53', '2019-02-08', '21559.630', '0.000', '21559.630', '', '2019-03-02 12:02:56', 1),
(111, 1, '73', '2019-01-22', '16022.500', '0.000', '16022.500', '', '2019-03-02 12:36:21', 1),
(112, 1, '98', '2019-02-02', '1300.000', '0.000', '1300.000', '', '2019-03-02 12:37:10', 1),
(113, 1, '', '2019-02-13', '9210.000', '0.000', '9210.000', '', '2019-03-02 13:19:56', 1),
(114, 1, '', '2019-02-13', '9010.000', '0.000', '9010.000', '', '2019-03-08 18:45:13', 1),
(115, 1, '', '2019-02-13', '11680.000', '0.000', '11680.000', '', '2019-03-08 18:46:48', 1),
(116, 1, '88', '2019-02-13', '30570.150', '0.000', '30570.150', '', '2019-03-09 12:55:58', 1),
(117, 1, '90', '2019-02-13', '480.000', '0.000', '480.000', '', '2019-03-09 12:58:41', 1),
(118, 1, '98', '2019-02-14', '3480.000', '0.000', '3480.000', '', '2019-03-09 13:02:52', 1),
(119, 1, '', '2019-02-15', '15099.600', '0.000', '15099.600', '', '2019-03-09 13:09:24', 1),
(120, 1, '', '2018-02-18', '27520.320', '0.000', '27520.320', '', '2019-03-09 13:26:26', 1),
(121, 1, '', '2019-02-20', '52271.530', '0.000', '52271.530', '', '2019-03-12 16:32:17', 1),
(122, 1, '', '2019-02-21', '28150.000', '0.000', '28150.000', '', '2019-03-21 10:32:21', 1),
(123, 1, '', '2019-02-22', '13279.000', '0.000', '13279.000', '', '2019-03-21 10:40:48', 1);

-- --------------------------------------------------------

--
-- Table structure for table `purchase_workshop_payment`
--

CREATE TABLE `purchase_workshop_payment` (
  `id` int(11) NOT NULL,
  `company_id` int(11) NOT NULL,
  `paid_amount` decimal(10,2) NOT NULL,
  `payment_mode` varchar(100) NOT NULL,
  `payment_date` date NOT NULL,
  `remarks` text NOT NULL
) ENGINE=InnoDB DEFAULT CHARSET=latin1;

--
-- Dumping data for table `purchase_workshop_payment`
--

INSERT INTO `purchase_workshop_payment` (`id`, `company_id`, `paid_amount`, `payment_mode`, `payment_date`, `remarks`) VALUES
(1, 5, '400000.00', 'Online', '2018-11-26', ''),
(2, 5, '294500.00', 'Cheque', '2018-11-29', ''),
(3, 5, '100000.00', 'Cheque', '2018-12-06', 'ch.no-1156954'),
(4, 5, '300000.00', 'Online', '2018-12-13', 'Ch.No-1156956'),
(5, 5, '100000.00', 'Online', '2018-12-19', 'Ch.No-1156961'),
(6, 5, '300000.00', 'Cheque', '2018-12-29', 'Ch.No-1156965'),
(7, 9, '10000.00', 'Cash', '2019-01-22', ''),
(8, 8, '300000.00', 'Cheque', '2019-01-21', 'Ch.No-163462(Dt.23/1/19)'),
(9, 8, '300000.00', 'Cheque', '2019-01-12', 'Ch.No-163461');

-- --------------------------------------------------------

--
-- Table structure for table `quotation`
--

CREATE TABLE `quotation` (
  `id` int(11) NOT NULL,
  `client_id` int(11) NOT NULL,
  `bill_no` varchar(20) NOT NULL,
  `date` date NOT NULL,
  `product_total` decimal(10,3) NOT NULL,
  `discount` decimal(10,3) NOT NULL,
  `grand_total` decimal(10,3) NOT NULL,
  `remarks` text NOT NULL,
  `is_approved` tinyint(4) NOT NULL DEFAULT '0',
  `created_date` datetime DEFAULT CURRENT_TIMESTAMP,
  `created_user` int(11) NOT NULL
) ENGINE=InnoDB DEFAULT CHARSET=latin1;

--
-- Dumping data for table `quotation`
--

INSERT INTO `quotation` (`id`, `client_id`, `bill_no`, `date`, `product_total`, `discount`, `grand_total`, `remarks`, `is_approved`, `created_date`, `created_user`) VALUES
(7, 1, '2019200001', '2019-03-03', '4050.000', '50.000', '4000.000', 'sds', 0, '2019-03-09 18:11:59', 1);

-- --------------------------------------------------------

--
-- Table structure for table `quotation_group`
--

CREATE TABLE `quotation_group` (
  `id` int(11) NOT NULL,
  `quotation_id` int(11) NOT NULL,
  `work` varchar(300) NOT NULL,
  `mou_id` int(11) NOT NULL,
  `qty` decimal(10,3) NOT NULL,
  `unit_price` decimal(10,3) NOT NULL,
  `final_total` decimal(10,3) NOT NULL
) ENGINE=InnoDB DEFAULT CHARSET=latin1;

--
-- Dumping data for table `quotation_group`
--

INSERT INTO `quotation_group` (`id`, `quotation_id`, `work`, `mou_id`, `qty`, `unit_price`, `final_total`) VALUES
(9, 7, '12', 11, '45.000', '45.000', '2025.000'),
(10, 7, 'sashj', 12, '45.000', '45.000', '2025.000');

-- --------------------------------------------------------

--
-- Table structure for table `shifts`
--

CREATE TABLE `shifts` (
  `id` int(11) NOT NULL,
  `shift` decimal(10,2) NOT NULL,
  `description` varchar(100) NOT NULL
) ENGINE=InnoDB DEFAULT CHARSET=latin1;

-- --------------------------------------------------------

--
-- Table structure for table `shops`
--

CREATE TABLE `shops` (
  `id` int(11) NOT NULL,
  `name` varchar(200) NOT NULL,
  `owner_name` varchar(100) NOT NULL,
  `mobile` varchar(10) NOT NULL,
  `landline` varchar(10) NOT NULL,
  `address` text NOT NULL
) ENGINE=InnoDB DEFAULT CHARSET=latin1;

--
-- Dumping data for table `shops`
--

INSERT INTO `shops` (`id`, `name`, `owner_name`, `mobile`, `landline`, `address`) VALUES
(1, 'Lakshmi steels', 'Ratnaram', '9345441137', '9486252710', 'Avinashi'),
(2, 'Sri sabaree screws', 'Karupasamy,Arulkumar', '7373793435', '', 'Avinashi'),
(3, 'Chowdry Steels', 'Chowdry', '9442622613', '', 'Tirupur'),
(4, 'Srinivasa Screws', 'Rajivgandhi', '8778660354', '', 'Avinashi'),
(5, 'Sri Devi Steels', '', '7010100188', '', 'Perundurai'),
(6, 'Karpagam Steels', '', '', '0422437994', 'Coimbatore'),
(7, 'Palaniandavar Traders', '', '7373222257', '9585722929', 'Kunnathur'),
(8, 'Rajalakshmi Colour Roofings', 'Nivin', '7373718338', '', 'Avinashi'),
(9, 'Karunambika Hardwares', '', '', '', 'Avinashi');

-- --------------------------------------------------------

--
-- Table structure for table `staffs`
--

CREATE TABLE `staffs` (
  `id` int(11) NOT NULL,
  `name` varchar(250) NOT NULL,
  `mobile` varchar(10) NOT NULL,
  `landline` varchar(15) NOT NULL,
  `email` varchar(30) NOT NULL,
  `address` text NOT NULL,
  `status` tinyint(4) NOT NULL DEFAULT '1',
  `created_date` datetime NOT NULL DEFAULT CURRENT_TIMESTAMP
) ENGINE=InnoDB DEFAULT CHARSET=latin1;

--
-- Dumping data for table `staffs`
--

INSERT INTO `staffs` (`id`, `name`, `mobile`, `landline`, `email`, `address`, `status`, `created_date`) VALUES
(1, 'Mathan', '9952368876', '', 'smsmathan.4@gmail.com', 'Rayampalayam,Avinashi', 1, '2018-12-16 14:09:47'),
(2, 'Dinesh', '9751500635', '', '', 'Naduvachery,Avinashi', 1, '2018-12-16 14:15:32'),
(3, 'Mahendran.K', '9751750635', '', 'mahendranjayam@gmail.com', 'Naduvachery,Avinashi', 1, '2018-12-17 13:31:44'),
(4, 'Sridharan', '9865364301', '', '', 'Karakuttai,Avinashi', 1, '2018-12-17 13:32:40'),
(5, 'Senthil', '9790120749', '', '', 'Avinashi', 1, '2018-12-17 13:34:46'),
(6, 'Kumarasamy.K', '9751800635', '', '', 'Naduvachery,Avinashi', 1, '2018-12-17 13:35:24'),
(7, 'Murugesh', '9791299493', '', '', 'S.Mettupalayam,Avinashi', 1, '2018-12-17 13:38:44'),
(8, 'Krishnan', '9500544421', '', '', 'Aatayampalayam,Avinashi', 1, '2018-12-17 13:41:00'),
(9, 'Prakash', '9965193993', '', '', 'Aatayampalayam,Avinashi', 1, '2018-12-17 13:41:47'),
(10, 'Nallasivam', '9788099380', '', '', 'Karunaipalayam,Avinashi', 1, '2018-12-17 13:42:23'),
(11, 'Vivek', '', '', '', 'Avinashi', 1, '2018-12-17 13:42:53'),
(12, 'Pandi', '9600340704', '', '', 'Madurai.', 1, '2018-12-17 13:43:43'),
(13, 'Sankar', '9655563231', '', '', 'Velliyampalayam,Avinashi', 1, '2018-12-17 13:44:51'),
(14, 'Rajaguru', '9940948278', '', '', '', 1, '2018-12-17 13:45:36'),
(15, 'Kumar', '', '', '', 'Avinashi', 1, '2018-12-17 13:45:55'),
(16, 'Periyasamy', '9566524039', '', '', 'Naduvachery,Avinashi', 1, '2018-12-17 13:47:04'),
(17, 'Manikandan', '8675704952', '', '', 'Nagarkoil', 1, '2018-12-17 13:47:58'),
(18, 'Subramani', '', '', '', 'Velliyampalayam,Avinashi', 1, '2018-12-17 13:48:27'),
(19, 'Gowtham', '9487413807', '', '', 'Karumathampatti', 1, '2018-12-17 13:49:10'),
(20, 'Murali', '9942737957', '', '', 'Avinashi', 1, '2018-12-17 13:49:34'),
(21, 'Perumalsamy', '', '', '', 'Avinashi', 1, '2018-12-17 13:49:53'),
(22, 'Gandhi', '6383202568', '', '', 'avinashi', 1, '2018-12-17 13:50:06'),
(23, 'Naveen', '6382821410', '', '', 'Avinashi', 1, '2018-12-17 13:50:49'),
(24, 'Mahesh', '9080308954', '', '', 'Avinashi', 1, '2018-12-17 13:51:28'),
(25, 'Lakshmanan', '', '', '', 'Avinashi', 1, '2018-12-17 13:51:52'),
(26, 'Gavaskar', '6382169823', '', '', 'Avinashi', 1, '2018-12-17 13:52:36'),
(27, 'shibu', '9445239752', '', '', '', 1, '2018-12-22 21:32:59'),
(28, 'anpu raja', '6383034685', '', '', '', 1, '2018-12-22 21:34:01'),
(29, 'jan', '9597490136', '', '', 'nagapattinam', 1, '2018-12-22 21:34:15'),
(30, 'Kamaraj', '', '', '', '', 1, '2019-01-07 20:03:18');

-- --------------------------------------------------------

--
-- Table structure for table `staff_salary`
--

CREATE TABLE `staff_salary` (
  `id` int(11) NOT NULL,
  `date` date NOT NULL,
  `staff_id` int(11) NOT NULL,
  `start_date` date NOT NULL,
  `end_date` date NOT NULL,
  `working_days` int(11) NOT NULL,
  `present_days` int(11) NOT NULL,
  `total_shifts` varchar(10) NOT NULL,
  `salary` decimal(10,3) NOT NULL,
  `remarks` text NOT NULL
) ENGINE=InnoDB DEFAULT CHARSET=latin1;

--
-- Dumping data for table `staff_salary`
--

INSERT INTO `staff_salary` (`id`, `date`, `staff_id`, `start_date`, `end_date`, `working_days`, `present_days`, `total_shifts`, `salary`, `remarks`) VALUES
(1, '2019-01-05', 28, '2018-12-31', '2019-01-05', 47, 1, '46', '100.000', 'sdf'),
(2, '2019-01-05', 2, '2018-12-31', '2019-01-05', 47, 3, '44', '200.000', '67'),
(3, '2019-01-05', 22, '2018-12-31', '2019-01-05', 47, 4, '43', '0.000', ''),
(4, '2019-01-05', 26, '2018-12-31', '2019-01-05', 47, 5, '42', '0.000', ''),
(5, '2019-01-05', 19, '2018-12-31', '2019-01-05', 47, 6, '41', '0.000', ''),
(6, '2019-01-05', 29, '2018-12-31', '2019-01-05', 47, 7, '40', '0.000', ''),
(7, '2019-01-05', 30, '2018-12-31', '2019-01-05', 47, 7, '40', '0.000', ''),
(8, '2019-01-05', 8, '2018-12-31', '2019-01-05', 47, 8, '39', '0.000', ''),
(9, '2019-01-05', 15, '2018-12-31', '2019-01-05', 47, 9, '38', '0.000', ''),
(10, '2019-01-05', 6, '2018-12-31', '2019-01-05', 47, 10, '37', '0.000', ''),
(11, '2019-01-05', 25, '2018-12-31', '2019-01-05', 47, 11, '36', '0.000', ''),
(12, '2019-01-05', 3, '2018-12-31', '2019-01-05', 47, 12, '35', '0.000', ''),
(13, '2019-01-05', 24, '2018-12-31', '2019-01-05', 47, 12, '35', '0.000', ''),
(14, '2019-01-05', 17, '2018-12-31', '2019-01-05', 47, 13, '34', '0.000', ''),
(15, '2019-01-05', 20, '2018-12-31', '2019-01-05', 47, 14, '33', '0.000', ''),
(16, '2019-01-05', 7, '2018-12-31', '2019-01-05', 47, 15, '32', '0.000', ''),
(17, '2019-01-05', 10, '2018-12-31', '2019-01-05', 47, 16, '31', '0.000', ''),
(18, '2019-01-05', 23, '2018-12-31', '2019-01-05', 47, 17, '30', '0.000', ''),
(19, '2019-01-05', 12, '2018-12-31', '2019-01-05', 47, 18, '29', '0.000', ''),
(20, '2019-01-05', 16, '2018-12-31', '2019-01-05', 47, 19, '28', '0.000', ''),
(21, '2019-01-05', 21, '2018-12-31', '2019-01-05', 47, 20, '27', '0.000', ''),
(22, '2019-01-05', 9, '2018-12-31', '2019-01-05', 47, 21, '26', '0.000', ''),
(23, '2019-01-05', 14, '2018-12-31', '2019-01-05', 47, 22, '25', '0.000', ''),
(24, '2019-01-05', 13, '2018-12-31', '2019-01-05', 47, 23, '24', '0.000', ''),
(25, '2019-01-05', 5, '2018-12-31', '2019-01-05', 47, 23, '24', '0.000', ''),
(26, '2019-01-05', 27, '2018-12-31', '2019-01-05', 47, 24, '23', '0.000', ''),
(27, '2019-01-05', 4, '2018-12-31', '2019-01-05', 47, 25, '22', '0.000', ''),
(28, '2019-01-05', 18, '2018-12-31', '2019-01-05', 47, 25, '22', '0.000', ''),
(29, '2019-01-05', 11, '2018-12-31', '2019-01-05', 47, 26, '21', '0.000', '');

-- --------------------------------------------------------

--
-- Table structure for table `tax`
--

CREATE TABLE `tax` (
  `id` int(11) NOT NULL,
  `tax_name` varchar(50) NOT NULL,
  `cgst` decimal(10,2) NOT NULL,
  `sgst` decimal(10,2) NOT NULL,
  `igst` decimal(10,2) NOT NULL
) ENGINE=InnoDB DEFAULT CHARSET=latin1;

--
-- Dumping data for table `tax`
--

INSERT INTO `tax` (`id`, `tax_name`, `cgst`, `sgst`, `igst`) VALUES
(1, '5%', '2.50', '2.50', '0.00'),
(2, '18%', '9.00', '9.00', '0.00'),
(3, '28%', '14.00', '14.00', '0.00');

-- --------------------------------------------------------

--
-- Table structure for table `users`
--

CREATE TABLE `users` (
  `id` int(11) UNSIGNED NOT NULL,
  `ip_address` varchar(45) NOT NULL,
  `username` varchar(100) DEFAULT NULL,
  `password` varchar(255) NOT NULL,
  `salt` varchar(255) DEFAULT NULL,
  `email` varchar(100) NOT NULL,
  `activation_code` varchar(40) DEFAULT NULL,
  `forgotten_password_code` varchar(40) DEFAULT NULL,
  `forgotten_password_time` int(11) UNSIGNED DEFAULT NULL,
  `remember_code` varchar(40) DEFAULT NULL,
  `created_on` int(11) UNSIGNED NOT NULL,
  `last_login` int(11) UNSIGNED DEFAULT NULL,
  `active` tinyint(1) UNSIGNED DEFAULT NULL,
  `first_name` varchar(50) DEFAULT NULL,
  `last_name` varchar(50) DEFAULT NULL,
  `company` varchar(100) DEFAULT NULL,
  `phone` varchar(20) DEFAULT NULL
) ENGINE=InnoDB DEFAULT CHARSET=utf8;

--
-- Dumping data for table `users`
--

INSERT INTO `users` (`id`, `ip_address`, `username`, `password`, `salt`, `email`, `activation_code`, `forgotten_password_code`, `forgotten_password_time`, `remember_code`, `created_on`, `last_login`, `active`, `first_name`, `last_name`, `company`, `phone`) VALUES
(1, '127.0.0.1', 'admin', '$2a$07$SeBknntpZror9uyftVopmu61qg0ms8Qv1yV6FG.kQOSM.9QhmTo36', '', 'admin@admin.com', '', NULL, NULL, NULL, 1268889823, 1553871892, 1, 'Mahendran', '', 'JAYAM ENGINEERING', '9790554991');

-- --------------------------------------------------------

--
-- Table structure for table `users_groups`
--

CREATE TABLE `users_groups` (
  `id` int(11) UNSIGNED NOT NULL,
  `user_id` int(11) UNSIGNED NOT NULL,
  `group_id` mediumint(8) UNSIGNED NOT NULL
) ENGINE=InnoDB DEFAULT CHARSET=utf8;

--
-- Dumping data for table `users_groups`
--

INSERT INTO `users_groups` (`id`, `user_id`, `group_id`) VALUES
(15, 1, 1),
(16, 1, 2);

--
-- Indexes for dumped tables
--

--
-- Indexes for table `attendance`
--
ALTER TABLE `attendance`
  ADD PRIMARY KEY (`id`),
  ADD KEY `shift_FK` (`shift`),
  ADD KEY `staff_FK` (`staff_id`);

--
-- Indexes for table `clients`
--
ALTER TABLE `clients`
  ADD PRIMARY KEY (`id`);

--
-- Indexes for table `expense`
--
ALTER TABLE `expense`
  ADD PRIMARY KEY (`id`);

--
-- Indexes for table `expense_for`
--
ALTER TABLE `expense_for`
  ADD PRIMARY KEY (`id`);

--
-- Indexes for table `expense_type`
--
ALTER TABLE `expense_type`
  ADD PRIMARY KEY (`id`);

--
-- Indexes for table `groups`
--
ALTER TABLE `groups`
  ADD PRIMARY KEY (`id`);

--
-- Indexes for table `invoice`
--
ALTER TABLE `invoice`
  ADD PRIMARY KEY (`id`);

--
-- Indexes for table `invoice_group`
--
ALTER TABLE `invoice_group`
  ADD PRIMARY KEY (`id`);

--
-- Indexes for table `login_attempts`
--
ALTER TABLE `login_attempts`
  ADD PRIMARY KEY (`id`);

--
-- Indexes for table `mobile_number`
--
ALTER TABLE `mobile_number`
  ADD PRIMARY KEY (`id`);

--
-- Indexes for table `mou_list`
--
ALTER TABLE `mou_list`
  ADD PRIMARY KEY (`id`);

--
-- Indexes for table `products`
--
ALTER TABLE `products`
  ADD PRIMARY KEY (`id`);

--
-- Indexes for table `projects`
--
ALTER TABLE `projects`
  ADD PRIMARY KEY (`id`);

--
-- Indexes for table `project_enquiry`
--
ALTER TABLE `project_enquiry`
  ADD PRIMARY KEY (`id`);

--
-- Indexes for table `project_enquiry_follow`
--
ALTER TABLE `project_enquiry_follow`
  ADD PRIMARY KEY (`id`);

--
-- Indexes for table `project_payment`
--
ALTER TABLE `project_payment`
  ADD PRIMARY KEY (`id`);

--
-- Indexes for table `purchase_group_project`
--
ALTER TABLE `purchase_group_project`
  ADD PRIMARY KEY (`id`);

--
-- Indexes for table `purchase_group_workshop`
--
ALTER TABLE `purchase_group_workshop`
  ADD PRIMARY KEY (`id`);

--
-- Indexes for table `purchase_project`
--
ALTER TABLE `purchase_project`
  ADD PRIMARY KEY (`id`);

--
-- Indexes for table `purchase_workshop`
--
ALTER TABLE `purchase_workshop`
  ADD PRIMARY KEY (`id`);

--
-- Indexes for table `purchase_workshop_payment`
--
ALTER TABLE `purchase_workshop_payment`
  ADD PRIMARY KEY (`id`);

--
-- Indexes for table `quotation`
--
ALTER TABLE `quotation`
  ADD PRIMARY KEY (`id`);

--
-- Indexes for table `quotation_group`
--
ALTER TABLE `quotation_group`
  ADD PRIMARY KEY (`id`);

--
-- Indexes for table `shifts`
--
ALTER TABLE `shifts`
  ADD PRIMARY KEY (`id`);

--
-- Indexes for table `shops`
--
ALTER TABLE `shops`
  ADD PRIMARY KEY (`id`);

--
-- Indexes for table `staffs`
--
ALTER TABLE `staffs`
  ADD PRIMARY KEY (`id`);

--
-- Indexes for table `staff_salary`
--
ALTER TABLE `staff_salary`
  ADD PRIMARY KEY (`id`);

--
-- Indexes for table `tax`
--
ALTER TABLE `tax`
  ADD PRIMARY KEY (`id`);

--
-- Indexes for table `users`
--
ALTER TABLE `users`
  ADD PRIMARY KEY (`id`);

--
-- Indexes for table `users_groups`
--
ALTER TABLE `users_groups`
  ADD PRIMARY KEY (`id`),
  ADD UNIQUE KEY `uc_users_groups` (`user_id`,`group_id`),
  ADD KEY `fk_users_groups_users1_idx` (`user_id`),
  ADD KEY `fk_users_groups_groups1_idx` (`group_id`);

--
-- AUTO_INCREMENT for dumped tables
--

--
-- AUTO_INCREMENT for table `attendance`
--
ALTER TABLE `attendance`
  MODIFY `id` int(11) NOT NULL AUTO_INCREMENT, AUTO_INCREMENT=1505;

--
-- AUTO_INCREMENT for table `clients`
--
ALTER TABLE `clients`
  MODIFY `id` int(11) NOT NULL AUTO_INCREMENT, AUTO_INCREMENT=19;

--
-- AUTO_INCREMENT for table `expense`
--
ALTER TABLE `expense`
  MODIFY `id` int(11) NOT NULL AUTO_INCREMENT, AUTO_INCREMENT=10;

--
-- AUTO_INCREMENT for table `expense_for`
--
ALTER TABLE `expense_for`
  MODIFY `id` int(11) NOT NULL AUTO_INCREMENT, AUTO_INCREMENT=4;

--
-- AUTO_INCREMENT for table `expense_type`
--
ALTER TABLE `expense_type`
  MODIFY `id` int(11) NOT NULL AUTO_INCREMENT, AUTO_INCREMENT=7;

--
-- AUTO_INCREMENT for table `groups`
--
ALTER TABLE `groups`
  MODIFY `id` mediumint(8) UNSIGNED NOT NULL AUTO_INCREMENT, AUTO_INCREMENT=3;

--
-- AUTO_INCREMENT for table `invoice`
--
ALTER TABLE `invoice`
  MODIFY `id` int(11) NOT NULL AUTO_INCREMENT, AUTO_INCREMENT=3;

--
-- AUTO_INCREMENT for table `invoice_group`
--
ALTER TABLE `invoice_group`
  MODIFY `id` int(11) NOT NULL AUTO_INCREMENT, AUTO_INCREMENT=18;

--
-- AUTO_INCREMENT for table `login_attempts`
--
ALTER TABLE `login_attempts`
  MODIFY `id` int(11) UNSIGNED NOT NULL AUTO_INCREMENT, AUTO_INCREMENT=3;

--
-- AUTO_INCREMENT for table `mobile_number`
--
ALTER TABLE `mobile_number`
  MODIFY `id` int(11) NOT NULL AUTO_INCREMENT, AUTO_INCREMENT=11;

--
-- AUTO_INCREMENT for table `mou_list`
--
ALTER TABLE `mou_list`
  MODIFY `id` int(11) NOT NULL AUTO_INCREMENT, AUTO_INCREMENT=13;

--
-- AUTO_INCREMENT for table `products`
--
ALTER TABLE `products`
  MODIFY `id` int(11) NOT NULL AUTO_INCREMENT, AUTO_INCREMENT=220;

--
-- AUTO_INCREMENT for table `projects`
--
ALTER TABLE `projects`
  MODIFY `id` int(11) NOT NULL AUTO_INCREMENT, AUTO_INCREMENT=19;

--
-- AUTO_INCREMENT for table `project_enquiry`
--
ALTER TABLE `project_enquiry`
  MODIFY `id` int(11) NOT NULL AUTO_INCREMENT, AUTO_INCREMENT=5;

--
-- AUTO_INCREMENT for table `project_enquiry_follow`
--
ALTER TABLE `project_enquiry_follow`
  MODIFY `id` int(11) NOT NULL AUTO_INCREMENT, AUTO_INCREMENT=8;

--
-- AUTO_INCREMENT for table `project_payment`
--
ALTER TABLE `project_payment`
  MODIFY `id` int(11) NOT NULL AUTO_INCREMENT, AUTO_INCREMENT=25;

--
-- AUTO_INCREMENT for table `purchase_group_project`
--
ALTER TABLE `purchase_group_project`
  MODIFY `id` int(11) NOT NULL AUTO_INCREMENT, AUTO_INCREMENT=74;

--
-- AUTO_INCREMENT for table `purchase_group_workshop`
--
ALTER TABLE `purchase_group_workshop`
  MODIFY `id` int(11) NOT NULL AUTO_INCREMENT, AUTO_INCREMENT=1719;

--
-- AUTO_INCREMENT for table `purchase_project`
--
ALTER TABLE `purchase_project`
  MODIFY `id` int(11) NOT NULL AUTO_INCREMENT, AUTO_INCREMENT=15;

--
-- AUTO_INCREMENT for table `purchase_workshop`
--
ALTER TABLE `purchase_workshop`
  MODIFY `id` int(11) NOT NULL AUTO_INCREMENT, AUTO_INCREMENT=124;

--
-- AUTO_INCREMENT for table `purchase_workshop_payment`
--
ALTER TABLE `purchase_workshop_payment`
  MODIFY `id` int(11) NOT NULL AUTO_INCREMENT, AUTO_INCREMENT=10;

--
-- AUTO_INCREMENT for table `quotation`
--
ALTER TABLE `quotation`
  MODIFY `id` int(11) NOT NULL AUTO_INCREMENT, AUTO_INCREMENT=8;

--
-- AUTO_INCREMENT for table `quotation_group`
--
ALTER TABLE `quotation_group`
  MODIFY `id` int(11) NOT NULL AUTO_INCREMENT, AUTO_INCREMENT=11;

--
-- AUTO_INCREMENT for table `shifts`
--
ALTER TABLE `shifts`
  MODIFY `id` int(11) NOT NULL AUTO_INCREMENT;

--
-- AUTO_INCREMENT for table `shops`
--
ALTER TABLE `shops`
  MODIFY `id` int(11) NOT NULL AUTO_INCREMENT, AUTO_INCREMENT=10;

--
-- AUTO_INCREMENT for table `staffs`
--
ALTER TABLE `staffs`
  MODIFY `id` int(11) NOT NULL AUTO_INCREMENT, AUTO_INCREMENT=31;

--
-- AUTO_INCREMENT for table `staff_salary`
--
ALTER TABLE `staff_salary`
  MODIFY `id` int(11) NOT NULL AUTO_INCREMENT, AUTO_INCREMENT=30;

--
-- AUTO_INCREMENT for table `tax`
--
ALTER TABLE `tax`
  MODIFY `id` int(11) NOT NULL AUTO_INCREMENT, AUTO_INCREMENT=4;

--
-- AUTO_INCREMENT for table `users`
--
ALTER TABLE `users`
  MODIFY `id` int(11) UNSIGNED NOT NULL AUTO_INCREMENT, AUTO_INCREMENT=2;

--
-- AUTO_INCREMENT for table `users_groups`
--
ALTER TABLE `users_groups`
  MODIFY `id` int(11) UNSIGNED NOT NULL AUTO_INCREMENT, AUTO_INCREMENT=17;

--
-- Constraints for dumped tables
--

--
-- Constraints for table `attendance`
--
ALTER TABLE `attendance`
  ADD CONSTRAINT `staff_FK` FOREIGN KEY (`staff_id`) REFERENCES `staffs` (`id`) ON UPDATE NO ACTION;
COMMIT;

/*!40101 SET CHARACTER_SET_CLIENT=@OLD_CHARACTER_SET_CLIENT */;
/*!40101 SET CHARACTER_SET_RESULTS=@OLD_CHARACTER_SET_RESULTS */;
/*!40101 SET COLLATION_CONNECTION=@OLD_COLLATION_CONNECTION */;
